Spot,reviewTitle,reviewScore,reviewComment
京都水族館,水族館,4.0,											こじんまりしてるけど見易い水族館でした
京都水族館,イマイチでした(T_T),3.0,"											　今まで色んな水族館に行きましたが…金額（一般2,400円）の割には高齢ジジイにゃあ感動するモンが無かった（ToT）そう感じた次第（;´д｀）										"
京都水族館,回りやすく、楽しめる街中の水族館,4.0,											土曜日の午後から伺いましたが、ほどよい混み具合でイルカのごはんや遊び時間は直近の時間でも前で見ることができました。（濡れる場所でも、そこまで濡れなくて良かった！）
京都水族館,楽しめなかった,1.0,											スタッフの方々が、なんかピリピリしていて、テンションが下がりまくり。
京都水族館,のんびり巡るのに最高,5.0,											家族で入ろうと思うと少々費用がかかるが。えいやペンギンの餌やりやいるかのショーなど、満足の館内だった。										
京都水族館,思ってたより京都駅から遠かった,3.0,											京都駅からの道がいまいち分からず。祖母と行ったのもありますが、夏の時期にはなかなかキツかったです。
京都水族館,座って見れて楽しかったです,4.0,											初めて京都水族館を訪れました。じゃらんでチケットを購入して京都駅からタクシーで900円で到着。
京都水族館,大人一人でも満喫,4.0,											出張の空き時間に立ち寄りました。そもそも水族館が好きなので、そういう流れなのですが、なかなか良い水族館です。
京都水族館,ほのぼのしていて良かった,4.0,											小さいという評判とあまり珍しい生き物もいなさそうでイルカショーも休演中だし行く価値はあるのかと思いつつ、前から気になっていたので行ってみました。施設が新しくて気持ちよく、かわいい動物たちに癒されました。何匹も重なって寝ているオオサンショウウオとか延々同じ泳ぎを繰り返しているオットセイとか動物の行動が面白かったです。小さい生き物はいろんな種類がいて楽しめました。平日でも人が結構いて見づらい時もあったので、本当は見たかったナイトショーのある休日を避けて良かったと思いました。イルカショー再開したら☆5です。										
京都水族館,本物のオオサンショウウオ！,5.0,											京都水族館には京都駅からバスが出ていますので、簡単に行くことができます。時間に合わせて上のスケジュールを追ってみて行くのも良いと思います。入ってすぐに大山椒魚の水槽があり、おおさんしょううおがたくさん入っていて、大山椒魚の生態を観察することができます。おおさんしょううお月にはぜひ訪れていただきたい水族館です。鴨川の長生生が増えすぎて大山椒魚をどうするかと言う時に、京都水族館を作って大山椒魚を保護しているそうです。他の生き物もたくさん見られますので、ご家族連れにもぜひお勧めです。1人でも楽しめます。										
京都水族館,オオサンショウウオが好きな人は良いかと！,4.0,											珍しいオオサンショウウオがたくさんいますので、
京都水族館,素敵な水族館,5.0,											初めて伺いました。水族館に初めて2時間以上いたかもしれません。ちょうど京都音楽博覧会もあり、イルカブースでライブを体感することもできて、感動！楽しかったです！時間が合わずイルカショーは見れませんでしたが、楽しい時間を過ごせました。また利用したいです。										
京都水族館,大人には物足りない,3.0,											期待はしていませんでしたが、大人には物足りない感じでした。入場料が１８００円ぐらいなら納得でしょうか。
京都水族館,とても近くで見れる水族館,5.0,											子供連れに優しく、楽しめる水族館です。生き物の表示が、ひらがななのもおもしろい。他の水族館にはない、楽しさがあります！特に暑い夏の京都旅行おすすめ										
京都水族館,癒されました。,5.0,											京都旅行の初日にお邪魔しました。
京都水族館,京都水族館,5.0,											京都の夏は、とにかく暑い！
京都水族館,オオサンショウウオ,4.0,											さすが外は猛暑でしたが、やはり水族館は涼しくまさに、パラダイスでした。お魚達も気持ちよさそうに泳いでいて心癒されました。オオサンショウウオみた後にウツボみたら兄弟みたいで、おもしろかったです。クラゲの色んな種類があり勉強になりましたよ。小さくてメチャ可愛かったです。										
京都水族館,見せ方が上手な水族館でした,4.0,											初めて利用しました。
京都水族館,劇混み！,3.0,											じゃらんでチケットを用意していたので、長蛇の列に並ばず入場できました。
京都水族館,平日の閉館前,5.0,											平日の閉館2時間前は人が少なくゆっくりと回れました。
瑞光窯　京都清水店,1人でやってみたけど楽しかった。,5.0,											親切なお姉さんが付きっきりでレクチャーしてくれました。携帯の充電がなくなりかけていてたけど写真撮影もしてもらえました。充電器も貸していただき本当にありがたかったです。
瑞光窯　京都清水店,本当に楽しく体験できました！,5.0,											60分作り放題で2枚お皿がついてくる、瑞光プランにしました！このプランで正解！初めての陶芸で最初は上手に作れるか不安でしたが、担当してくださった男性スタッフの方が本当に優しくて丁寧にご説明して下さいました。私達がいうワガママに対して少しも嫌な顔をせず、全て対応してくださって、否定的な言葉も一切言わないし、発言も面白くて、褒め上手で、、終始笑顔で体験ができました。この方に感謝です。
瑞光窯　京都清水店,素敵な時間,5.0,											土を触って好きな形を作っていくとても楽しく素敵な時間が過ごせました
瑞光窯　京都清水店,かなりサクッとなライトプラン,4.0,											ライトプランでマグカップ作りを楽しみました。
瑞光窯　京都清水店,誕生日記念にお茶碗作りました,4.0,											毎年恒例の旦那さんの誕生日記念に色々な体験をします
瑞光窯　京都清水店,2度目の利用です,4.0,											前回、作ったお皿の色味、形が理想通りだったので、今回も、友人と2度目の利用です。
瑞光窯　京都清水店,人生初、女子3人でろくろ体験！,5.0,											ずっと気になっていた瑞光窯で家族3人でろくろを体験しました！
瑞光窯　京都清水店,初めての陶芸,5.0,											60分コースさせていただきました。スタッフさんが親切、丁寧にいちから教えて下さり分かりやすく思うような作品に仕上がったと思います。届くまで2か月はかかるとおっしゃってましたがその間待つのも楽しみのひとつですね。関西圏からの日帰りでしたが１日ゆったりとした日を過ごすことができました。ありがとうございます。写真撮ってくださいました。										
瑞光窯　京都清水店,楽しい！！！,5.0,											初めて陶芸にチャレンジ！
瑞光窯　京都清水店,初めてでも安心,5.0,											予定より少し早く着いてしまいましたが、快く受け入れていただき、ありがとうございました。
瑞光窯　京都清水店,めっちゃたのしい！,5.0,											先生が親身になってご指導くださいました！初めての体験ですが楽しく上手に作ることができて本当に来れてよかったです！
瑞光窯　京都清水店,楽しかった！,5.0,											職人さんがほど良く手伝ってくださり、とても可愛い形の湯呑みができました。分かりやすい説明で、初心者でも楽しめました！
瑞光窯　京都清水店,楽しかったです！,5.0,											親切に教えてくださり、程よく手伝って下さいました。
瑞光窯　京都清水店,とても楽しかったです！,5.0,											不器用なのできちんとできるか不安でしたが、とても丁寧に教えてくださったので、イメージ以上に良いものを作ることができました。
瑞光窯　京都清水店,陶芸初体験！！,5.0,											前からずっと興味があって、今回京都で体験出来ると知ってやってみました！！
瑞光窯　京都清水店,ろくろ体験,5.0,											初めての体験でしたが、丁寧に教えてくださり、気に入った形を作ることができました。
瑞光窯　京都清水店,陶芸体験に参加しました,4.0,											以前から興味があり陶芸の体験を行いました。
瑞光窯　京都清水店,陶芸体験,4.0,											初めて陶芸体験をしました。
瑞光窯　京都清水店,平皿作り,5.0,											初めての陶芸体験だったのですが教え方も分かりやすく、写真も撮って下さってとても楽しい体験になりました。完成楽しみにしてます！！
瑞光窯　京都清水店,素敵な思い出,5.0,											2人に1人、ろくろのコツを教えて頂きながら体験しました！好きな形、お皿を作れて大満足です！！出来上がるのが楽しみです！ご飯作るのが楽しみです！										
日本文化体験 庵an京都,隙間時間に楽しめました。,4.0,											友人4人と当日予約しました。
日本文化体験 庵an京都,楽しかった,5.0,											初めての練り切りに友人とワクワクしながら体験してきました。
日本文化体験 庵an京都,外国人や修学旅行生はいいと思います,1.0,											10分前に来てくださいと案内がありますが、初めて行く場所なので道に迷うリスクも考えて早めに行動するのが旅行者の基本かと思いますが、この会場は早く到着しても、会場で待つスペースがなく、中に入れてもらえないので、暑い中、立って待つ必要があります。また、エレベーターがある建物ではないので階段で会場まで上がります。体の不自由な方は大変かと思いますのでご注意ください。
日本文化体験 庵an京都,和菓子体験,3.0,											和菓子体験をしました。チューリップと菜の花の和菓子でした。外国のお客さんもいて英語と日本語でのレッスンでした。出来上がりの形をイメージして作るとうまく出来る気がしました。持ち帰りのケースは和菓子にピッタリの大きさのケースが用意されているので壊れるのが嫌な人はお店て購入したほうが良いかなと思いました。出来上がりの和菓子は柔らかくて美味しかったです。すぐに食べるのがおすすめです。										
日本文化体験 庵an京都,干菓子体験,3.0,											お砂糖から木型に入れて干菓子を作るのは思ったよりも簡単でした。椅子に座っての体験なので外国の人でも大丈夫でした。英語と日本語を使っての体験でした。初めて出来立ての皮下食べたのですがホロホロして美味しかったです。										
日本文化体験 庵an京都,舞妓さんと夜ご飯,3.0,											舞妓さんと夜ご飯を一緒に食べたり、舞子遊びを体験しました。舞子さんのお話を色々聞けたり、お座敷遊びができたりしたので楽しかったけれど、食事が期待しているほど美味しくありませんでした。京都ならではの料理という感じではなくてどこかの仕出しのお弁当を少し上品にしたような感じでした。料金がそこそこのお値段なので仕方ないとは思いましたが少し残念でした。										
日本文化体験 庵an京都,雛人形と桃の花の練り切り,5.0,											どんな練り切りを作るかは2週間くらいで変わるらしいのですが、私のときは雛人形と桃の花でした。
日本文化体験 庵an京都,とても寒かった,2.0,											体験自体は楽しめたのですが、講師の方が外国の方で、日本語が聞き取りづらかったので、少し作り方がわかりにくかったです。
日本文化体験 庵an京都,楽しくおいしかった,5.0,											子どもの希望で12月に当日予約しました。雪うさぎと松の練り切りを作りました！4名で参加しましたがそれぞれ味がある和菓子ができてとても楽しかったです。他の季節はどんなものがあるのかととても気になります。子ども達もまた行きたいと言っていました。説明はわかりやすく海外の方には英語で説明されていました。持ち帰りもできますが容器代は100円かかり、生菓子なので早く食べたほうがいいとのこと。私たちはその場でいただきました！とってもおいしかったです！										
日本文化体験 庵an京都,とても楽しかった,5.0,											説明もわかりやすく
日本文化体験 庵an京都,お話しが軽快,4.0,											講師の人の話しがプチ知識にもなり、面白かった。文化体験なので、和菓子を作るだけではない配慮があった。
日本文化体験 庵an京都,楽しかったです。,4.0,											練り切りの和菓子を作らせていただきました。
日本文化体験 庵an京都,期待していたのにがっかりでした,1.0,											席が真ん中が随分空いていたのに、一番後ろの席に案内され、料金に差が有るのか前の座られた方にはお茶デザート等提供されていましたが、ほとんど私たちは無視状態で舞妓さんの踊りも前の席の方で隠れて全く楽しめませんでした。										
日本文化体験 庵an京都,案外面白く京都ぽい,4.0,											私達夫婦以外は修学旅行の子供達だけの少人数。美味しい体験で京菓子が身近に感じられる楽しい時間を過ごせました。講師は優しく説明してくれますし補助の方は外国のかたで5年修行中？自分で作ったものとても美味しかったです。										
日本文化体験 庵an京都,楽しい体験できました,4.0,											電車の関係で時間が取れたため前日夜遅くに予約できました。
日本文化体験 庵an京都,初めての和菓子作り,5.0,											ものづくり大好きの小3娘が1人で参加しました。
日本文化体験 庵an京都,楽しかった,5.0,											ねりきりを見本通りに作り、お茶をたてる。外国の方と日本人が半々くらいで、日本語と英語で分かりやすく説明して下さり、出来上がりは人それぞれ。その場でいただき、美味しく楽しかったです。										
日本文化体験 庵an京都,和菓子体験,5.0,											場所はすぐ分かりましたが、入口が分からずうろうろしてしまいました。
日本文化体験 庵an京都,練り切り作り体験,5.0,											小学６年生の子どもと行きましたが、とても楽しく体験することが出来ました。楽しい思い出となりました。										
日本文化体験 庵an京都,楽しかったけど、難しかった,4.0,											先生がひとつひとつ、やって見せて頂けるので、わかりやすかったです。
レンタル着物・着付け 寺町美人,大満足でした,5.0,											カップルプランで利用させていただきました。着物も自分のお気に入りのものを見つけることができ、待ち時間もほとんどなく着付け、ヘアセットをやってもらえました！ヘアセットも、ショートヘアでもかわいくしてもらえて嬉しかったです。また京都で着物を着る機会があれば、ここで予約したいと思いました。										
レンタル着物・着付け 寺町美人,店員さんも親切で、素敵な着物が着れました。,5.0,											初めて利用させていただきましたが、
レンタル着物・着付け 寺町美人,楽しい,5.0,											沢山の着物の中から選べるプランでした。ヘアセットの方も着付けの方もとても親切で楽しくお話ししながら準備していただけました。
レンタル着物・着付け 寺町美人,京都らしさが最高,4.0,											サービスやスタッフの対応が良く、京都においては貴重なお店だと思う。着物をまとった女性は見違えるほど素晴らしいものだった。										
レンタル着物・着付け 寺町美人,すごく親切に対応していただけました！,5.0,											着物、浴衣、草履やバッグなどの種類も豊富で迷っていると、一緒に親身になって選んでくださいました！
レンタル着物・着付け 寺町美人,着付け、ヘアセットがめちゃ早かった・刀剣乱舞のファンの店員がいるから楽しい！,5.0,											【メリット】
レンタル着物・着付け 寺町美人,とても素敵な体験ができました！,4.0,											着付けやヘアセットなど丁寧に対応していただきました。
レンタル着物・着付け 寺町美人,荷物も預けられて、カバンも提供してくれました,4.0,											レンタルだと着替えはどうするのか気になっていましたが、鍵付きのロッカーに預けられて、一日中楽しめました。浴衣に合わせてカバンも貸してもらえて、フルコーディネートを楽しめてよかったです。										
レンタル着物・着付け 寺町美人,素敵な思い出★,5.0,											着物の種類たくさんあって、選んでいるのも楽しかったです！スタッフの方がとても親切で間違った予約をしてしまったんですが対応していただいてありがとうございました。
レンタル着物・着付け 寺町美人,旦那ドッキリ,4.0,											旦那とランチ約束して、内緒で着物着て驚かせようと思い利用しました。
レンタル着物・着付け 寺町美人,二回目の訪問でした,5.0,											前回秋頃に浴衣をレンタルさせて頂き、従業員の方もみんな親切で浴衣も色々選べて楽しかったため再度着物レンタルをしたくてこちらの寺町美人さんにお願いしました。男性の着物はたくさんはないようですが女性の着物はたくさんあり、アドバイスも下さるため悩みましたがとても素敵な着物をチョイス出来ました。ヘアセットも素敵ですし、行きに写真を撮って下さるサービスがとても嬉しいです。また機会がありましたらこちらにお願いしたいと思っていますし、友人にも勧めたいなと思います。ありがとうございました。										
レンタル着物・着付け 寺町美人,京都観光で訪れました！,5.0,											カップルプランで予約させていただき、＋2000円クーポン割引で2人で5000円でした！
レンタル着物・着付け 寺町美人,着物もヘアも可愛い！,5.0,											以前利用させて頂いた際に、着物もヘアもスタッフの方もとても素敵だったので今回も利用させて頂きました！手荷物を鍵付きロッカーに入れられるところも安心です。ヘアセットも、自分ではできないような素敵な仕上がりで大満足です♪また京都へ行く際には利用したいと思います！ありがとうございました。										
レンタル着物・着付け 寺町美人,かわいい着物がたくさん,5.0,											かわいい着物や帯がたくさんあり、とてもわくわくする素敵な空間でした。選ぶ際に丁寧にアドバイスをくださったのも嬉しかったです。
レンタル着物・着付け 寺町美人,京都観光！,5.0,											着物の種類が多くどれも可愛かったです。
レンタル着物・着付け 寺町美人,素敵な一日になりました,5.0,											久々の友人と、前々から憧れていた着物観光を実施したく予約させて頂きました。
レンタル着物・着付け 寺町美人,素敵な思い出になりました,5.0,											着物、帯、鞄まで全て相談に乗っていただいたおかげで、とても素敵な仕上がりでした。写真まで撮っていただき大変満足です！										
レンタル着物・着付け 寺町美人,お姉様方BIG LOVE!,5.0,											スタッフのお姉様方が皆優しくて話しやすいです！
レンタル着物・着付け 寺町美人,素敵な1日を過ごせました！,5.0,											こじんまりとしたお店でしたが、他のお客さんもいなくてゆっくり好きな着物を選ぶことができました。
レンタル着物・着付け 寺町美人,優しくて着物もヘアセットも可愛かったです！,5.0,											ヘアセット付きので予約して追加料金もなく安心して選ぶことができました！また色々な可愛い着物があってヘアセットも可愛くしていただきました！また、とても優しく丁寧に対応していただきました！										
京都るり渓温泉 for REST RESORT,混雑しすぎ,1.0,											日帰り利用（温泉）で三連休の午後に行ったのですが、90組待ちと言われました　４時間待ちだそうです　ホームページ等で待ち人数が等が分かれば良いですね										
京都るり渓温泉 for REST RESORT,緩急つけた癒しと楽しさ,5.0,											温泉本館さんへは最寄り駅からの送迎バスが出ていて遠方からでも安心、本館施設内はどこも清潔でおみやげ物売店は充実。本館宿泊には温泉の全ての施設を利用できるチケットが付いていて男女共用部分も多く沢山の種類のお風呂やサウナを誰とでも楽しめます！休憩エリアのランタンテラスでは人目を気にせず寛げる個人ブースや寝ころびスペース等素材も豊富で雑誌や絵本、漫画に写真集など読み物も豊富で種類も多岐でした。周辺は自然が多くてシェアサイクルでの散歩、バギーやイルミネーションも有り本当に朝から晩まで丸1日いても全く飽きず、そしてゆったりと過ごせる良いお宿です										
京都るり渓温泉 for REST RESORT,1日楽しめる日帰り温泉,5.0,											南丹市にある1日楽しめる日帰り温泉。
京都るり渓温泉 for REST RESORT,リラックスできました,4.0,											清潔感バッチリ。 ゆっくり休めました。マンガや雑誌もたっぷりあって良かったです。Wi-Fiも強くて良かったです。本当に楽しい時間でした。また行きたいです。										
京都るり渓温泉 for REST RESORT,ちょっと楽しい場所,4.0,											グランピングもあり、楽しそう。レストランはうどんはどでかい丼で、度肝を抜いた。
京都るり渓温泉 for REST RESORT,家族で遊べる,5.0,											冬はイルミネーションが綺麗で沢山の方が来られます。
京都るり渓温泉 for REST RESORT,とある点を除けば１００点満点の施設だった！,2.0,											外観も綺麗で大浴場以外にも
京都るり渓温泉 for REST RESORT,周知徹底,4.0,											BBQと温泉とセットのプランを申し込みましたが、BBQの受付では「じゃらんでのプラン」だということが伝わってないのか、予約を確認できるまで時間がかかりました。
京都るり渓温泉 for REST RESORT,いちご狩りの帰りに。,5.0,											近隣でいちご狩りをしたあと日帰りで立ち寄りました。
京都るり渓温泉 for REST RESORT,めちゃくちゃ寛げる,4.0,											とにかくくつろげます
京都るり渓温泉 for REST RESORT,もう少し時間を取れば良かったな,4.0,											嫁さんと2人で夕方お邪魔しました。豊中から行ったので、こりゃ完全に京都やんと言う感じでした。平日の夕方ということもあり、貸切ではないもののゆっくりできました。年配夫婦ですが大風呂以外一緒に居られるのが良い感じですね。土日は若いカップルが多そうな感じです。サウナやリラックスルームも含めて満喫出来ました。関西圏に住んで居ればリピーター間違いなしです。また冬の時期にゆっくりしに行きたいなあ。										
京都るり渓温泉 for REST RESORT,スタッフがあまりにもひどい、、,1.0,											日帰り利用です。レストランを利用して、あまりにもスタッフの対応がひどかったのでがっかりしました。
京都るり渓温泉 for REST RESORT,少し遠かった,2.0,											プールは遊ぶというより泳ぐか歩く感じ。お風呂は想像より汚かった。ポイントで行ったので、こんなものかなと。休憩所は、とても広くてお洒落てした。子供はマンガを読んで楽しんでました。										
京都るり渓温泉 for REST RESORT,1日過ごせる,4.0,											朝から室内プール、水着で入れる温泉、昼食食べて、リラックスルームで本を読んだり昼寝、温泉に入り、イルミネーションをみる。と1日楽しめました。ただ、なかなか静かに出来ない幼児とだとリラックスルームではどこも静かで昼寝してくれないとのんびり過ごす居場所がない。
京都るり渓温泉 for REST RESORT,一日中遊べる,5.0,											アクセスが大変ですが、（自家用車が大きいと峠道が）
京都るり渓温泉 for REST RESORT,男女が一緒に楽しめます,5.0,											バーデゾーンは、水着で入る温泉のため、プールや、露天風呂、サウナはカップルで行っても一緒に楽しめるのが魅力です。
京都るり渓温泉 for REST RESORT,岩盤浴や露天風呂でゆっくり,5.0,											ランタンテラスコーナーの岩盤浴がお気に入りです。つい長く入ってしまいます。休憩してまた入ってと何度でも楽しめます。ただ、館内着は1つなので最後に岩盤浴をおすすめされているようです。本もたくさんあって、個室にようなテレビ付きのねぐらでくつろぐこともできます。このエリアだけWi-Fiが飛んでました。
京都るり渓温泉 for REST RESORT,残念だった雪見風呂,3.0,											先日の雪の日、京都市内から伺いました。出発前に途中の道路状況は尋ねましたが、いざ到着してみると「本日雪のため露天風呂中止」の貼り紙が…残念!! この一言につきました!!
京都るり渓温泉 for REST RESORT,平日がおすすめ！,4.0,											岩盤浴がお気に入り！ねころびの間や摩訶不思議の部屋、半個室の秘密基地でゆったり時間を過ごせます。
京都るり渓温泉 for REST RESORT,ＨＡＮＡＲＥに泊まりました、最高の非日常体験ができました,5.0,											ジャグジー付き風呂やテントなど、
リバーアドベンチャークラブ〔京都保津川ラフティング〕,めっちゃ夏の思い出に最高！,5.0,											今回は、主人と2人で参加しました。海外の方と相乗りしました。ガイドさんにわざと落とされたりと、みんなで協力しないとボートに戻れない為、自然と団結力が生まれ仲良くなりました。また、来年も参加したいです。
リバーアドベンチャークラブ〔京都保津川ラフティング〕,初ラフティング,5.0,											初めてラフティングというものを経験しました。
リバーアドベンチャークラブ〔京都保津川ラフティング〕,初めてのラフティング,5.0,											初めてのラフティングで不安でしたが、丁寧なガイドさんのおかげもあって、楽しむことができました！ありがとうございます！										
リバーアドベンチャークラブ〔京都保津川ラフティング〕,大自然の中のラフティング,5.0,											初めてのラフティングでしたが、非常に楽しめました。天気にも恵まれ、水が冷たく気持ちよく、良い経験になりました！										
リバーアドベンチャークラブ〔京都保津川ラフティング〕,初めてのラフティング,5.0,											川遊びがしたくて検索したところ、ラフティングを見つけ他店舗と比べて内容がとても充実していたので参加させて頂きました。
リバーアドベンチャークラブ〔京都保津川ラフティング〕,娘と2人でラフティング,5.0,											所々迫力があって楽しかった！
リバーアドベンチャークラブ〔京都保津川ラフティング〕,満足しました。,4.0,											普段体験出来ない遊びが出来て楽しかったです。
リバーアドベンチャークラブ〔京都保津川ラフティング〕,ラフティング,5.0,											丁寧に教えていただき、わかりやすかったです。
リバーアドベンチャークラブ〔京都保津川ラフティング〕,夏に最適です^ ^,5.0,											ガイドさんのノリが良く盛り上げ上手で、とても楽しく体験できました！！！
リバーアドベンチャークラブ〔京都保津川ラフティング〕,ラフティング最高,5.0,											初めて体験しましたが、天気に恵まれ楽しかったです
リバーアドベンチャークラブ〔京都保津川ラフティング〕,サイコーでした！,5.0,											保津川で初めてのラフティングでしたがスタッフさんがとても楽しくていいラフティング時間でした！										
リバーアドベンチャークラブ〔京都保津川ラフティング〕,ラフティング,5.0,											大阪市内から1時間ほどでいけます。スタッフの皆さんもテンションを上げてくれ、子どもはもちろん、大人も童心に返り楽しめます！										
リバーアドベンチャークラブ〔京都保津川ラフティング〕,初めてのラフティング,5.0,											初めてのラフティングでドキドキしていましたが、しっかり教えてもらって、サポートもたくさんしてもらって、すごく楽しめました！！										
リバーアドベンチャークラブ〔京都保津川ラフティング〕,夏なのに涼しい,5.0,											初めてのラフティングでした！
リバーアドベンチャークラブ〔京都保津川ラフティング〕,楽しかったです,5.0,											初めてのラフティングでした。
リバーアドベンチャークラブ〔京都保津川ラフティング〕,楽しかったです！,5.0,											飛びこんだり、流されたり、ひっくり返ったり、めっちゃ気持ちよかったです！また来たいと思いました！！！										
リバーアドベンチャークラブ〔京都保津川ラフティング〕,初の保津川ラフティング！,5.0,											素敵なスタッフさんと楽しい仲間で初めての保津川ラフティングに挑戦しました！
リバーアドベンチャークラブ〔京都保津川ラフティング〕,保津川らふてぃんぐ！,5.0,											保津川ラフティングを同期で楽しみました！
リバーアドベンチャークラブ〔京都保津川ラフティング〕,すごくよかった！,5.0,											ガイドさんのお話もおもしろく、ノリもよく楽しかったです！素晴らしい景色と、スリル満点な川下り、ラフティング最高です！										
リバーアドベンチャークラブ〔京都保津川ラフティング〕,保津川ラフティング,5.0,											初ラフティングで水位も上がっていたこともあり最初はかなり怖かったです。
東映太秦映画村,夜のイベントに初めて参加しました！,5.0,											とても楽しかったです！初めてだったので、先にコッチをとか後で思った部分も多かったので、次回はしっかり勉強して又行きたいと思います。										
東映太秦映画村,特撮ヒーロー,4.0,											ブンブンジャーとガッチャードのハイタッチ参加しました。4
東映太秦映画村,プリキュアに変身！,5.0,											今回息子夫婦、孫二人、娘二人と娘の彼氏の9人で太秦映画村に行きました。3歳と5歳の孫達が写真館でプリキュアに変身したのですが、特に3歳の子が撮影の為、親元離れて着替えたり写真の準備をする間も全く泣かずに、プリキュアに変身し、ポーズを取ってなりきっている姿に凄い！と関心しました〜										
東映太秦映画村,NHK朝ドラ「カムカムエブリバディ」の舞台となった。まさに時代劇の世界。,5.0,											沖田総司vs岡田以蔵の立ち合い。迫力満点。熱の籠った演技に大感激。
東映太秦映画村,桜満開で時代劇を見てるようない空間,4.0,											40年ぶりに太秦映画村にいきました。リフォーム前の最終日だったみたいで日曜日なので子供ずれの人がたくさんいました。桜と江戸の雰囲気を感じながら2時間ぐらい見て周りましたが、アトラクションはい早くてもしっかり楽しめました。中村座でのチャンバラごっこ遊びも子供たちがめっちゃ楽しんでいて見ていてこちらも嬉しかったです。										
東映太秦映画村,スタッフの対応が悪すぎる,1.0,											小学生と保育園の子供を連れて初めて行きました。
東映太秦映画村,太秦映画村で忍者体験,4.0,											孫3人を連れて太秦映画村に行きました。
東映太秦映画村,大人でも楽しめる,4.0,											全体的にお子様向けが多いようですが
東映太秦映画村,ショーが良かった,3.0,											ポイント消費で行きました。
東映太秦映画村,大人遠足,4.0,											友達３人と行きました。
東映太秦映画村,とても楽しめました。,5.0,											平日でしたので、アトラクションによっては少し並ぶ程度でスムーズに楽しめました。
東映太秦映画村,俳優さんに、ドラマの裏話等聞けて、面白かった,5.0,											俳優さんに、カムカムエヴリバディなどのロケ地になったことや、時代劇の、裏話を、教えてもらい楽しく映画村内を、見て歩けました。										
東映太秦映画村,時代劇扮装をしました,5.0,											事前に予約をして時代劇扮装をしました。
東映太秦映画村,面白い,5.0,											かなり広い施設なので、回るのには時間が結構必要ですね。
東映太秦映画村,コスプレ軍団,2.0,											以前から行きたかった念願の太秦映画村。
東映太秦映画村,アトラクション、軽食、トイレ全て待ち時間が長い,1.0,											体感では待ち時間長いです。
東映太秦映画村,推しの俳優さんを探して,3.0,											映画村の撮影風景を見たくて、一人旅。撮影はしていましたが、私の推し俳優は今日は出番なしらしい・・・がっくり。
東映太秦映画村,ゆうめいさんのクチコミ,1.0,											たまたま行った日は撮影中で村の半分は立入禁止になっていて、残念でした。
東映太秦映画村,対応が大変悪い,1.0,											天空クライミングを子供が楽しんでおり。もう一度やりたいというので2回目つれていくと対応がわるいやる気の全くない男性スタッフがいた。ボソボソと話するし子供に大変偉そうで。嫌な予感がしていた。うちの子は2回目なので説明（1度目は説明20分、遊び20分）しなくていいため40分遊べると受付で聞いていたが何を勘違いしたのか始まって十分程度で娘に「次最後な」と…おかしいなと思いましたが、受付で私が聞き間違ったのかなと思いながらも娘があるアトラクションへ行ったのですが。5歳の娘には難しすぎてすぐ断念したので、あと一つ好きなのやっていいよ！といって順番待ちしているとその男性スタッフが、娘の首元のハーネスを無理やり持ち上げ退室する方は引っ張りあげ強制退室、娘は急に引っ張りあげられびっくりしていました。近くにいた別の男性スタッフが「その子はまだあそべる」と教えると娘に「ごめんな」と一言
東映太秦映画村,家族みんなでおもいきり楽しんだ,5.0,											アトラクションがたくさんあって大人もたのしめるので家族みんないっしょにあそんでください、当日はあいにく雪でしたが室内で遊べる所が多いので満足できます。										
HOTEL KUU KYOTO,浴室の混雑が酷い,1.0,											夜行バスまでの時間潰しに日帰り入浴を利用しました。私達も予約をしていましたが、人数制限をしていないのか、キャパを遥かに上回る人数が浴室内にいました。浴室も狭いし、脱衣所は着替える場所も無くて、ドアの前やトイレの前で着替える始末。ドライヤーが二つしかないのに、髪の長い若い子が5、6人待っていて、いつまで経っても脱衣所から人がいなくならないので、後から入ろうとしてやってきた宿泊客が諦めて帰っていきました。それを見て、宿泊するのはやめようと思ってしまった。										
HOTEL KUU KYOTO,シャワーの水圧満点！,3.0,											暑い京都駅周辺の散策後に日帰り温泉で利用しました。
HOTEL KUU KYOTO,心地よく過ごせました,5.0,											朝食のみ利用させていただきました。ホテルモーニングを良く利用するのですが、最近のホテルモーニングはかなりの混雑ぶりですが、とても優雅にお食事することができました。食事をする際、直接朝食会場に向かいましたが、フロントに行ってチェックインした方がよかったのか、どちらかわかりませんでした。結果、直接会場に行くのが正解でした。
HOTEL KUU KYOTO,密を避けてのんびりできました,5.0,											当日予約しましたが、本当に助かりました。夜行バス乗車前、GW中とあってどの温浴施設も混み合うであろう中、お手頃な値段と駅からのアクセスの良さ、更にタオルも貸して頂き、大きな浴槽にサウナ＆水風呂！利用した日はGW中でしたが、数人しか入っておらず、時間を忘れてのんびり過ごすことができました。また機会があれば利用させて頂きます。本当にありがとうございました。										
HOTEL KUU KYOTO,美味しかった〜ご馳走様,5.0,											お食事大変美味しかったです。
HOTEL KUU KYOTO,セキュリティー安心なお風呂,3.0,											朝利用させていただきました。フロントから浴場入り口まで案内して解錠してくれました。開けてすぐ脱衣所です。
HOTEL KUU KYOTO,気持ちよくて最高な湯でした,5.0,											日帰りでお風呂を予約。夜行バスを待つ間、ちょうどよく利用
HOTEL KUU KYOTO,朝食おいしかったです。,5.0,											思っていたより料理の種類が多くたくさん食べてしまいました。
HOTEL KUU KYOTO,良いお湯でした,4.0,											女性が大浴場であることを確認して予約しました。温冷浴が好きなので、何度もお湯やサウナと水風呂を往復して過ごしました。お湯や水風呂の温度もちょうど良かったです。冷水機もあり、水分補給もできて助かりました。スタッフの方も感じが良かったです。また利用したいと思います。										
HOTEL KUU KYOTO,駅チカ,3.0,											夜行バス利用で、早朝に到着して利用しました。道を間違えて遠回りしてしまいました。
HOTEL KUU KYOTO,どの料理も美味しくて満足です,4.0,											少し小さめのレストランなので、宿泊客もいて時間帯によっては満席の可能性が高いと思いますが、待つ価値は十分あります。当日は８時半ごろにフロントで受付しましたが、２組分ほど席が空いていたので待たずに食べることができました。最初は品数の多さにどれから取ろうか迷い、一品の盛りが小さいので、なくなるのではと思いましたが、すぐに補充されて問題なかったです。料理は睦月のフェアーとして京豆腐ハンバーグ、バターチキンカレー、生麩田楽、そのほか京都おばんざいがたくさんあり、定番メニューもかなり凝った内容でした。少しずつ食べてもお腹いっぱいになり、オーダースイーツは頼めませんでした。										
HOTEL KUU KYOTO,ゆっくり出来ました。,5.0,											お風呂に入らずに、朝食だけ利用させていただきました。　どれも美味しくて、特にデザートが良かったです。
HOTEL KUU KYOTO,夜行バスにて,1.0,											お風呂のあまりの狭さと（アメニティ・基礎化粧品も充実）と書いてありますが、タオルと浴場のシャンプー・リンス・ボディーソープ・基礎化粧品だけで、どこでもあるほんとの最低限しかないので、『充実』とは言えません。
HOTEL KUU KYOTO,とても雰囲気の良いところでした。,4.0,											まずフロントの方の印象がとても良かったです。どのお客様にも笑顔でとても親切に対応しておられる姿に好感が持てました。お食事もスタッフさんがてきぱき働いておられ、補充も頻繁に行われていました。また、オーダースィーツの内容を聞いた際に詳しく確認してくださりとても助かりました。パンは正直「これだけ？」とがっかりする量でしたが、そのほかの副菜やフルーツ、また自分で作るおうどんまであって面白かったです。アイスクリームもとっても美味しかったです。ありがとうございました。										
HOTEL KUU KYOTO,観光の合間の癒し,5.0,											東本願寺の目の前で、わかり易くてよかったです。時間が早かったので、混雑することなくゆっくり入れました。洗い場が畳敷きなのには驚きましたが、料金にタオルも含まれており、リーズナブルでした。										
HOTEL KUU KYOTO,美味しい朝ごはん,5.0,											京都の朝食ビュッフェはいくつか利用させて頂きましたが、一番美味しかったです。
HOTEL KUU KYOTO,自分のパワースポットになりそうなホテル,5.0,											朝食とお風呂のセットプランを利用しました。
HOTEL KUU KYOTO,ゆったり満腹,5.0,											東京から京都まで夜行バスで帰省してきた娘と2人で来ました。京都らしい食材で作られてあるお料理はどれも美味しかったです。今度は彼と一緒に来たいといってました。そんな事言わないで ママも一緒にまた来ようよぉ。										
HOTEL KUU KYOTO,朝食ブッフェ,4.0,											朝食ブッフェの料理、和食から洋食まであり美味しかったです。とくに鮪とサーモンのお寿司が食べやすいサイズで美味しかったです。後注文してできたてのオムレツやフレンチトーストがオススメです。										
HOTEL KUU KYOTO,大満足でした。,4.0,											平日だった為に、お風呂は貸し切り風呂状態で、入れました。ご飯は、お寿司からサラダ、フルーツ、クッキー、ケーキまであり、大満足でした。										
八つ橋庵とししゅうやかた,教えて下さったスタッフさんがすごく良かった！,5.0,											八つ橋を1から作る体験に参加しました。
八つ橋庵とししゅうやかた,程よく,4.0,											娘（成人）とお邪魔しました。
八つ橋庵とししゅうやかた,体験自体は面白かったですが…,3.0,											小学6年生の娘と参加し、娘は大変喜んでいました。
八つ橋庵とししゅうやかた,なかなか出来ない八つ橋作り,5.0,											場所が少し分かりづらいかったですが、着いてすぐに女将？さんが場所を丁寧に教えてくださいました。
八つ橋庵とししゅうやかた,家族で遊んで食べて思い出作り,4.0,											じゃらんネットで前日に予約をしましたが、体験できました。
八つ橋庵とししゅうやかた,体験内容はいいけれど。,3.0,											数年前に直接予約して体験したことがあるので、今回は２回目です。
八つ橋庵とししゅうやかた,八ツ橋作り体験,4.0,											生地から作る生八つ橋づくり とお抹茶体験をしました。
八つ橋庵とししゅうやかた,丁寧に教わることができる！！,5.0,											八橋が好きなひとならば人生に一回は行くべきとおもうスポットです！お姉さんが丁寧に教えてくれます！13:00くらいに行くのが穴場だと思います。
八つ橋庵とししゅうやかた,テーブルが確保されておりゆっくりとできました,4.0,											隣の席と近いのですこし窮屈な感じはありました。またスタッフが常時ついているわけではないので、作業指示待ちも度々ありました。子供にはそれはそれで良いかもしれません。緊張しないので。										
八つ橋庵とししゅうやかた,残念でした。,1.0,											お豆腐作り体験コースに２名で参加しましたが、手作りセットが一つで一人が体験している間はもう一人は何もすることがなく手持無沙汰でした。同室で行われていたお菓子作りでは体験者には、一人１セットでそれぞれ作ることができていたのに、私たちは２名分の体験料を払って半分づつの体験でした。終了後その旨をお店に伝えましたが、豆腐は２人前ありますという返答でした。別に私たちは豆腐を食べに行ったわけではありません。体験料半額を返してほしいくらいです。										
八つ橋庵とししゅうやかた,簡単で分かりやすい,5.0,											初めて八つ橋を作りましたが、簡単で分かりやすく体験にちょうど良かったです。お茶を立てて、その後一緒に食べることができるので、楽しみながら過ごせました。食べきれない場合は、持ち帰れるのでそれも良いと思います。										
八つ橋庵とししゅうやかた,簡単　楽しい,4.0,											平日朝早く伺ったからか、体験は貸切状態。色々なことを教えてもらいながら、マイペースに楽しく体験しました。作り方は簡単、誰が一番綺麗に作れるか盛り上がりました。
八つ橋庵とししゅうやかた,豆腐と七味唐辛子作り,5.0,											豆腐作りの過程では取週で湯葉をすくって食べたり、おぼろ豆腐をすくって食べたりしました。豆腐作りの合間に七味唐辛子を作ったのですが、基本的な分量はあった物の最後には好きな材料を多めに入れたりと付け足しもさせて頂けました。
八つ橋庵とししゅうやかた,八ツ橋極上体験と練りきり,5.0,											中1と練りきり作り、小3の子と八ツ橋の極上体験をしました。
八つ橋庵とししゅうやかた,和菓子づくり楽しめました！,4.0,											家内と娘二人で和菓子３個作りました。一つ一つ丁寧に教えて頂き、みんな楽しそうに作っていました。小４の末っ子には少々難しいところもありましたが、どうにか作り上げ、笑顔でした。コロナ禍で遠出ができない中、近場で楽しい体験ができて良かったです。										
八つ橋庵とししゅうやかた,自分でつくった八つ橋はおいしかった！,5.0,											面白そうだと思い、参加しました。教えてくださる方が明るく楽しく体験できました。
八つ橋庵とししゅうやかた,業務的な印象でした。,1.0,											七味作りを3人で体験しました。
八つ橋庵とししゅうやかた,夫婦で七味作りと八つ橋づくり,5.0,											午前中仕事で京都に行くことになったので
八つ橋庵とししゅうやかた,子供でも楽しめる！,5.0,											施設は団体のお客様専用の体験施設、食堂という感じの場所でした。
八つ橋庵とししゅうやかた,テレビで観て,4.0,											予約時間より少し前に着き　名前を言って2階で　すぐに体験が始まりました　丁寧に教えてくださるんですが、お一人で（入れ替わりたちかわりグループが）たくさんの方に付いておられたので大変だな、と思いました、写真通りのを3つ　短時間で出来ました。残念だったのは
大原温泉湯元京の民宿大原の里,お味噌が美味しぃ,4.0,											少し年季は経ってるが庭が眺められる部屋は良い。
大原温泉湯元京の民宿大原の里,お味噌の食べ比べが出来て最高でした,5.0,											日帰りの温泉を探していて見つけました。古いながらもゆったりくつろげるお宿でした。着いてすぐに「お食事とご入浴どちらを先にされますか」と選ばせて貰えたので先に食事を。
大原温泉湯元京の民宿大原の里,温泉と鍋料理,4.0,											京都に住んでいる妹夫婦と三千院や大原周辺の観光を終わらせてから伺いました。
大原温泉湯元京の民宿大原の里,雨の中の露天風呂も良かった,4.0,											季節外れの大雨&雪の中、内風呂はぬるかったですが、露天風呂は温まりました。
大原温泉湯元京の民宿大原の里,ボタン鍋,4.0,											ボタン鍋が食べたくてこちらにうかがいました。ずいぶん前に来たことがあったのですが、ほとんど記憶になくて、新鮮な感じでした。鍋の量が結構多いかなと思いましたが、味噌の出汁と猪肉が美味しくて完食しました。最後に出汁の量が減ってきたので、次回は追加してもらおうと思いました。
大原温泉湯元京の民宿大原の里,おばんざいがどれも美味しい！,5.0,											日曜日の利用だったので、混み合ってると思ってましたが
大原温泉湯元京の民宿大原の里,サイクリング後の温泉、味噌ご飯、鍋,5.0,											日帰り温泉、鳥すき焼プラン。
大原温泉湯元京の民宿大原の里,お風呂がよろしいです,5.0,											近くにこんなに良い温泉があるなんて！
大原温泉湯元京の民宿大原の里,久しぶりに,5.0,											コロナも落ち着いて久しぶりに娘、息子達と味噌鍋を食べに来ました。
大原温泉湯元京の民宿大原の里,お風呂と食事,1.0,											宿泊客がチェックアウト後の11時半からお風呂に入る為暖房等が入っておらず脱衣所や湯船に浸かっても全く温まらず寒かった。
大原温泉湯元京の民宿大原の里,じゃらんクーポン,1.0,											じゃらんクーポンとポイント利用で利用しましたが、大人は
大原温泉湯元京の民宿大原の里,サバ味噌が美味しかったです。,4.0,											真夏の日帰り温泉として利用しました。この暑さでサバ味噌定食が付いていることに、始めは戸惑いましたが、手作り味噌がおいしく、そのお味噌なのでサバも美味しいのかな？と思いました。宿のご主人からサバ街道にあるのでサバを定食にしたいとお話しされました。お風呂もよかったです。次回は宿泊したいと思いました。										
大原温泉湯元京の民宿大原の里,心温まるサービス,5.0,											寂光院からほど近く、豊かな自然に囲まれた静かな旅館で、夫婦でほっこり寛ぐことができました。日帰りでしたが、美味しい味噌鍋と温泉を満喫。心温まるおもてなしをしていただきました。また家族で泊まりたいです。										
大原温泉湯元京の民宿大原の里,とても風情のあるお味噌も美味しい温泉宿,5.0,											私と、家内とのじゃらんアカウントで今まで数回利用しています。
大原温泉湯元京の民宿大原の里,大原の味噌,4.0,											写真で見た味噌鍋に惹かれていきましたが、予想通り量も味も良かったです。
大原温泉湯元京の民宿大原の里,初めて食べた味噌鍋,4.0,											コロナも少し落ち着き、ワクチン接種で割引のキャンペーンで友達と２人で利用しました。
大原温泉湯元京の民宿大原の里,ぼたん鍋が美味しい,5.0,											家族３人で利用しました。近くの三千院に観光した後、ぼたん鍋が食べたくて予約しました。大広間でぼたん鍋をいただきました。子どもも喜んで食べていてよかったです。お風呂も人がおらず貸し切り状態だったので2歳の子どもと気にせずのんびり堪能出来て久しぶりにゆっくりできました。
大原温泉湯元京の民宿大原の里,女将さんの最初の対応から,1.0,											入湯時間には早く着いたので、寂光院の散策の後
大原温泉湯元京の民宿大原の里,以前から気になってた大原三千院,3.0,											　大阪から京都に引っ越しして7年目。大阪に住みながら大阪城行ったのは引っ越すちょっと前。京都大原三千院と歌にも出てくるが気になりながらも足を運ぶ機会がありませんでした。じゃらんを利用し始めたのが今年6月。今まで窓口利用が当たり前でしたがコロナ禍で利用しづらくなりこちらをりし始めました。利用しだすと色々お得プランも出て前よりも気軽にお得に出掛けることが増えました。今回も何気なく見てたら大原の里日帰り温泉と味噌鍋プラン。ワクチン二回接種証明で割引プラン。妻と休みも重なり行くことに決めました。市内から山の方へ突き進みました。途中道も狭くなり不安になりました。対向車来たら広い場所で離合。到着したら駐車場スペース狭く停めるのに苦労しました。そうこうしてるうちに宿泊の方が徐々にチェックアウトし広く使えました。到着したらこちらとしては温泉入って食事を予定してましたが受付で「今お風呂入られてるので先に食事してお風呂で！」と言われたので「えつ？」と思い「お風呂先ではダメですか？」と聞いたら「もう少ししたら出てこられるので12:00に戻ってきてください。近くにお寺もあるので見てたら直ぐに時間なる。」と言われそうしました。この辺の案内が事前にほしかったと思います。戻ってきて風呂場へ行くと2箇所あり暖簾がある方ない方どちらが男湯女湯が分からずフロントは聞きに行きました。暖簾ある方でと言われ尚且つ貸し切り混浴だと初めて知りました。夫婦だから良しだけどもし若い男女友達同士なら困ったと思います。この辺も説明が欲しかったです。お風呂は二人なら十分な広さでのんびりできましたがシャワー調整が昭和式みたいに一定の温度にキープするのが難しく熱くなり気味なので気をつけないとダメです。貸切時間いっぱい入らせていただき満足でした。食事は大広間で4組くらい鍋が並べてありました。見た時は机が6あったので１つ空けてくれたらないいのにと思いましたが他のお客さんと被ることがなく貸切でした。見た感じは少ないなぁと思いました。でも味噌鍋なので鍋の中全部食べられるので満腹になりました。外の景色も見えて外から見てる人は何食べてるんやろ？とよく覗いてました。鶏肉、野菜とシンプルですがこの値段で割引して食事、お風呂入れるならお手頃でした。今までお寺など興味ありませんでしたが三千院拝観させていただいてリフレッシュできました。										
大原温泉湯元京の民宿大原の里,久しぶりに,5.0,											久し振りに日帰り温泉の味噌鍋を食べに行きました。いつ食べても美味しいです。
細見工房,大満足,5.0,											一人に丁寧に対応して下さっていました。
細見工房,初めてのろくろ,5.0,											初めてで上手く出来るか心配だったけど
細見工房,家族旅行,5.0,											お世話になり、ありがとうございました。
細見工房,ろくろ初挑戦,5.0,											ろくろに初挑戦しました　難しかったけど丁寧に教えていただき作りたかったお茶碗と湯呑み　夫はタンブラーとおちょこを作りました　出来上がり楽しみです										
細見工房,いい思い出になりました,4.0,											家族旅行中に利用
細見工房,初めてでも安心！おすすめです。,5.0,											初めての陶芸体験で、家族4人で行きました。最初は思うように上手くできませんでしたが、丁寧に教えてくださり想像以上に良い形ができました。また小学生の子と小さい子を連れて行きましたが、優しく対応してくださり、一緒に体験することができ良い経験になりました。ありがとうございました。
細見工房,おススメ,5.0,											夕日が浦の温泉旅行で去年お邪魔してから今年もお邪魔しました。
細見工房,職人さんの皿に絵付けする体験2箇所目でした,5.0,											今回は青の濃淡一色の絵付けです、先回は、青い波模様に白い雲模様鬼滅の刃の半纏イメージで作成パン皿にして使っています。今回は犬の絵を描きました。まるで深みのあるお皿です。出来上がりが楽しみです。オーナーさん優しい方でしたよ！										
細見工房,わかりやすく丁寧,5.0,											夕日ヶ浦温泉に旅行に行く前に、陶芸体験をしに行かせていただきました。
細見工房,思ったより上手にできました！,5.0,											天橋立に旅行に行くのに合わせて初めての陶芸体験をしに細見工房さんへ伺いました。
細見工房,初めての陶芸,5.0,											陶芸初心者でしたが親切丁寧に教えて頂きました。
細見工房,とてもいい体験ができました,5.0,											台風の影響で大幅に時間が遅れてしまいましたが
細見工房,自由に,5.0,											旅行当日朝になんかないかなーと思って陶芸したことないなというのもあり、予約させていただきました。
細見工房,又行きたい！,5.0,											12月に宿の近くで陶芸体験できる所を見つけて女子４人でお邪魔しました。とても親切に教えて頂き立派な作品が出来ました。
細見工房,十分すぎるほど陶芸体験を堪能できました,5.0,											急遽旅行で丹後方面へ行くことになり、何か体験できるものはないかと探したらこちらの工房があり評価も良かったので行ってみることにしました。
細見工房,初めてでも大満足。素敵な作品が作れます。,5.0,											家族4人で挑戦。
細見工房,初めての陶芸,5.0,											初めて陶芸を体験しました。親切に教えて下さり、なんとかお茶碗を作ることが出来ました。焼き上がりが待ち遠しです。また陶芸体験を利用したいと思います。										
細見工房,初心者でもおススメです。,4.0,											丁寧に教えてくださいましたので、良いものが出来上がりました。郵送されてくるのが楽しみです。電動ロクロが楽しくて又、行きたいと思います。										
細見工房,毎年行きたい！,5.0,											去年初めてお邪魔して、今年も予約させていただきました。
細見工房,２回目の陶芸,5.0,											優しくて親切で丁寧で、陶芸するならここしかないです。楽しく素敵な体験が出来ました。前回よりも色味が増えていました。
伏見稲荷大社,せっかく来たのなら、、,5.0,茶屋での一服、景色は最高、登ってきた甲斐があります。疲れが取れたら、奥の宮まで頑張ってください、途中の参拝所と頂上は格別の気分が味わえ、ご利益も益々上がるかと。
伏見稲荷大社,稲荷大社は前から行きたかった場所だった,5.0,京都駅から電車に乗り、降りた目の前が稲荷大社だったのでよかったです、山の下から頂上まで鳥居が続いていて途中からは登ってきた景色が見られて良かったです、下から頂上まで階段でしたのでそれなりの靴で行ったほうが良いかと思います、悪かった点は国外の方々が日傘をさしながら歩いていたり、右側通行なのですが逆を歩いていて歩き辛かったです。日頃の運動不足解消には良いです。
伏見稲荷大社,人！人！人！,5.0,初めて行きましたが外国の方が多かったかな
伏見稲荷大社,早朝の伏見参り,4.0,5/中旬に友人5人で朝早くにお参りにいきました。
伏見稲荷大社,参道の大鳥居,4.0,参道、伏見稲荷大社全国に約３万あるといわれる稲荷神社の総本宮
伏見稲荷大社,伏見稲荷の鳥居を見に訪れました。,5.0,京都は何度も訪れていますが、この度は、初めて伏見稲荷に来ました。大人気の観光地なので、混雑は覚悟して来ましたが、わりにスムーズに有名な千本鳥居を歩きました。お天気も良く、良い観光が出来ました。
伏見稲荷大社,幻想的な空間,5.0,家族で、何度も訪れています。
伏見稲荷大社,1度は訪れたい、世界の人々をも魅了する伏見稲荷大社,5.0,念願の伏見稲荷大社に訪れることができ、晴天の中、無事に山頂でも参拝でき、ゆっくりと堪能できました。たくさんの鳥居で有名な場所ではありますが、お稲荷様がいらっしゃるありがたい空気感を味わって頂きたいです。外国の方からの人気もすごく、混雑はしておりますが、登っていく道中に景色の良い場所や神聖なスポットが随所にありますので、余裕のある方はぜひゆっくりと山頂コースで巡って参拝されると良いかと思います。
伏見稲荷大社,早朝が狙い目,4.0,伏見稲荷は何度か訪問しておりますが、電車の便もよく、早朝から外国の方々が溢れんばかりです。最近は近隣のホテルに宿泊して、かなり早い時間に歩いて参拝に行っております。近隣のホテルは少ないものの、朝食もレベルの高いアーバンホテル京都を常宿として空気の澄んだ早朝に参拝？登山？を楽しんでいます。
伏見稲荷大社,千本鳥居。これこそ京都！,5.0,夕方5時半頃に参拝。御朱印やおみくじ、絵馬、お守り等は6時まででした。また境内のお店も閉め始めていました。薄暗くなりはじめ人も少なくなり静かで昼間とはまた違う千本鳥居を体感する事が出来ました。
伏見稲荷大社,早朝の参拝,5.0,朝8:00過ぎに参拝したのに早くも、伏見稲荷無料駐車場は90%埋まっていた。
伏見稲荷大社,体力のある方にオススメ♪,5.0,インバウンドに人気で、大変交雑していますが、山の上の方までは行く人が少ないので、体力のある方は是非頂上目指してください。
伏見稲荷大社,御朱印が良かったです。,5.0,ゴールデンウィークだったのですごい人でしたが、行けて良かったです。御朱印も凄く良かったです。車だったので、駐車場探しは大変でした。
伏見稲荷大社,最高の場所だが…,4.0,伏見稲荷は交通便もとてもよくおすすめだが、ここは日本？というくらい外国人の方が多かった。
伏見稲荷大社,鳥居が綺麗,5.0,3月春休み前に行きました。夕方だけど結構混んでて、人がたくさんで立ち止まれず、写真がなかなか撮れず
伏見稲荷大社,ゲキこみ,3.0,ゴールデンウィーク中だったら事もあり　びっくりするぐらい人がいました。外国人の方がたくさんぃました
伏見稲荷大社,山になってて、上まで行くと、けっこう登る,3.0,止まって写メ撮るカップルが邪魔だった！中にはどうぞ…と片言で、譲ってくれる人もいました。途中から、あんなに山になってるとは思ってなかった。ここから2キロと言われて、山には登らなかった。
伏見稲荷大社,魅力的な鳥居に朱色が素晴らしいです,5.0,幾度に混んでいますよ〜
伏見稲荷大社,行きたかった千本鳥居,4.0,写真と実際とでは雰囲気が違いますが
伏見稲荷大社,インバウンドで…,3.0,マナーのわるいかたも多くて大変だった。
天橋立,歩いて上まで行けます！,4.0,調べても情報がなく、ロープウェイ&リフトの片道切符を買った後に、歩いて登れますか？と聞けば道があると教えてもらいました。暑い日だったので、登りはリフトで。帰りは、下り口を教えてもらい、そこから歩いて降りました。景色は見えませんが、整備された階段が続いてて歩きやすいです。上にはエアコンが効いている眺めのいい部屋で涼めます。リフト代の節約、自分の足で上がりたい人は、是非チャレンジを。リフト乗り場の左側に登っていく道があり、1本道なので迷いません。上りは20〜30分くらい？下りは10分でした。
天橋立,景色は最高、外国人の団体が多い。,4.0,初めての天橋立観光。片道徒歩とケーブルカーを利用して股のぞき、帰りは観光船を利用してゆっくりと観光できました。帰りの時間に大雨に見舞われたのがチョット残念。外国人の団体客が多かった。
天橋立,天橋立ビューランド,5.0,天橋立、やはり日本三景というだけあって、素晴らしかったです！！リフトとケーブルのどちらでも利用可能なのがいいと思います。回廊からの眺めが最高！
天橋立,天橋立ビューランド,5.0,乗り物で遊んだり札所参りせず、天橋立を眺めるだけなら滞在時間は長くないが、笠松公園からよりこちらからの方が天橋立がより龍らしく見えてきれいだと思う。
天橋立,さすがの日本三景！,5.0,ロープウェイのレストハウスで海を眼下にランチ。いつまでもいたい気分。丹波の黒豆を素材にした様々なお土産、充実度は予想外でした。
天橋立,気持ち良かったです,5.0,3人家族でモノレールに乗って天橋立ビューランドに行きました。天気も良くて最高でした。遊園地内にあるお店でイワシ竹輪を頂きました。その時店員さんがとても親しみやすく地元の名産品や買えるお店など耳寄り情報を教えていただきました。とても参考になりました。
天橋立,写真のとおりだった,4.0,旅行の際見に行きました。
天橋立,サイクリング＆フェリー,5.0,股覗きは有名ですが、天橋立を渡った記憶がなく今回は行ってみました。
天橋立,やっぱり日本三景,5.0,駐車料金もリフトも料金高いから少し考えたけど
天橋立,景色は綺麗です。,4.0,リフトやロープウェイで山頂まで行けます。天気の良い日は綺麗な景色がみられます。自転車を借りて横断も出来ます。片道で疲れるのなら帰りは船でと言うプランもあります。
天橋立,念願の天橋立,3.0,生憎，曇り空で，少し残念でした。ケーブルで上がって，上か見た天橋立は、ホントに写真で見ていた景色！とても綺麗な形だと思いました。
天橋立,一度は訪れたい場所,5.0,松林は3キロメートル程度あり、徒歩で往復するには時間がかかるので、レンタサイクルを利用するのもありです。遊覧船が通る時は、陸地から掛かっている橋が一時的に動いて、その間は足止めされます。股覗きスポットがあるビューランドにはリフトで行きます。天気がよい日は絶景間違いなし。
天橋立,幼馴染の三人で最高の旅,5.0,天橋立は何度か訪れていますが、久しぶりに旧友3人で訪れました。お正月明けでしたが、けっこう人はいましたね。ビューランドは、荷物も無料で預けられて、手ぶらで行けるので良かったです。景色は、言うまでもなく最高に美しく、心が洗われるとは、この事だなぁと思いました。宿では蟹ざんまいで、どれも美味しく、忘れられない思い出になりました。家族とは、いつも車ですが、今回は、電車だったので、それもまた良かったです。
天橋立,レンタサイクルで渡ってみました,5.0,眺めて良し！なんでしょうけど、実際に中を通ってみても、綺麗な景色でしたよ。天橋立神社や清水もあったりしてオススメです
天橋立,日本三景の真打ち登場,5.0,私にとって最後の日本三景、天の橋立にようやく訪れることができました。さすがに平日とはいえ多くの観光客。やはり、高いところからの全景が一番でした。伊根に行く途中、車でぐるりと一周しましたが、反対側の山上から見ないと良さはわかりませんよね。でも素晴らしい風景、バッチリ股のぞきもしちゃいました。
天橋立,世界遺産登録を望む,5.0,海の中洲が対岸とつながり、松並木がずっと続くよう維持管理されている景勝地です。
天橋立,往復徒歩はキツイけど,5.0,行きは徒歩、帰りは観光船利用した。
天橋立,高齢者にとってお散歩コースにおすすめ,5.0,景色も綺麗で、渡った先に神社などたくさんあるので、とても楽しめる場所だと思う。
天橋立,のんびりと風景を楽しめる,4.0,レンタサイクルで府中側まで走りました。途中天橋立神社に寄ったり、いろんな名前のついた松を観察したりゆっくり天橋立を楽しむことができました。
天橋立,天橋立を歩いて横断,5.0,天橋立は、上から眺める物だと思ってました。まさか歩けるとは思ってなく、レンタル自転車もありました。
京都着物レンタルきらり,大満足な京都旅行,5.0,											着物選びの際に、スタッフの方が一緒に行った娘と合う色合いや種類も提案してくれて、楽しんで選ぶことができました。
京都着物レンタルきらり,料金も内容も大満足！,5.0,											時間に30分ほど遅れて行ったのに、とても丁寧に対応していただきました。着物選びも似合いそうな着物を提案していただき、また彼氏と色を合わせてくださり、写真を見返すととても綺麗で大満足でした。伏見稲荷からすぐ近く、清水寺付近までは電車で15分ほどと、場所もよく、荷物も追加料金なしで預かっていただける点も良いです。
京都着物レンタルきらり,また利用したいです,5.0,											せっかく京都へ行くのだから、普段できない着物での散策をしたいと思っていました。
京都着物レンタルきらり,フレンドリーで安くて最高!,5.0,											着物の種類が多くて迷っていると、フレンドリーに話しかけて下さりおすすめを教えて下さいました。こちらの要望も快く聞いて下さり髪型や鞄にもとても満足しました。お値段も学生にはとてもありがたかったです。また着物を着たくなったらここにします!										
京都着物レンタルきらり,とても良かった,5.0,											とても親身になって着物選びをしてくださいました
京都着物レンタルきらり,これを5つ星と言わずに何を5つ星というのかというくらい素晴らしい。,5.0,											まず、安い。
京都着物レンタルきらり,おじさんが素晴らしいお店,5.0,											どんな着物にするか親身に考えて頂きました！
京都着物レンタルきらり,めっちゃ良かった。,5.0,											駅からめちゃくちゃ近くて、店員さんがとても感じが良く、お着物も素敵なデザインのものが揃っていて良かったです。お着物を選ぶ際アドバイスをくださるお姉さん系の男性が素晴らしくステキな方で、その優しさと面白さの虜になってしまいました。
京都着物レンタルきらり,おすすめ！,5.0,											まず、着物の種類は多くて、9時半の時点ではアンティーク着物もレース着物も沢山ありました。これだけあれば可愛い着物がお昼頃でも残っている気がします。レース着物は1種類につき2、3着ほどあったので、友達とお揃いもできます。
京都着物レンタルきらり,追加料金一切なしで安心です！,4.0,											母・娘２人（中学生・小学生）で利用しました。
京都着物レンタルきらり,みなさんもぜひ！,5.0,											子ども達と利用しました。着物、帯、小物と選ぶ際、アドバイスしてくださいました。乗り気じゃなく不貞腐れてた息子にも優しく丁寧に対応してくださり、とてもステキな着物を選んでくださいました。息子も笑顔になり、よい思い出になりました。ヘアセットと飾りもしてくださってこの価格は安すぎです！もっと色々着てみたいなぁ。京都に行くことがあればまたお願いしたいと思います。みなさんもぜひ！										
京都着物レンタルきらり,ほんまに、おすすめ！お得に楽しい！,5.0,											男性3名女性1名で撮影する為に利用しました。
京都着物レンタルきらり,本当におすすめ！,5.0,											娘と2人で利用。この値段でどこまでやってくれるのだろうと心配していたのですが、まず着物選びから親切丁寧なアドバイス、2人で揃えるポイントや流行っている柄等とにかく楽しかったです。
京都着物レンタルきらり,楽しかった！,5.0,											彼氏と行きましたがすごく話してくれる色の合わせ方の上手いお兄さんがいてとてもたのしかったです！着付けも綺麗でした！										
京都着物レンタルきらり,初めての着物レンタル,5.0,											初めて着物レンタルし京都観光しました。
京都着物レンタルきらり,初めてでしたが最高でした！,5.0,											京都旅行にきて、初めて着物レンタルをしてみようと思いこちらのお店にいきましたが、皆さん気さくで、着物もより良いように選ぶのを手伝っていただいて良かったです！髪飾りもたくさんつけて頂いて嬉しいです！また機会があれば利用したいです！										
京都着物レンタルきらり,すごく素敵なお店でした！,5.0,											着物を一緒に選んでくれたオジサンがめちゃめちゃ面白い方でした！迷っていたら、色んな着物の提案をしてくださって凄い楽しく着物を選ぶことができました！ありがとうございます。
京都着物レンタルきらり,また利用したいなって思いました！,5.0,											初めはこんな安いのに大丈夫なのか心配で、行ってからも家族経営なのかな？って感じのそんな広々してない内装だったのと店員さんの発言とかが（私が関東人で店員さんが関西の方だったのでノリの差があったのかもしれませんが）体験させてもらった身で申し訳ないんですが胡散臭いなって思いが抜けなくて。でも、着物選んでる時も優しくどれがいいかアドバイスしてくれたりただ単に似合うのを選んでくれるだけじゃなくてこっちのが今の方が着やすいかもねとか先のことを考えたアドバイスも下さってとても助かりました!!種類もとても豊富でレースやレトロな物もあったり帯の種類も様々、チェーンもほんっとに可愛くて外したくなかったです笑笑髪の毛もものの5分位でものすんっごく可愛く仕上げて頂いて感動しました!申し訳ない事に体験中少しハプニングがあり着物を汚してしまったのですが、それを伝えたところ全然大丈夫ですよ、逆に大丈夫ですか？と心配して下さったんです。本当に最初疑ってばかりいた自分をぶん殴ってやりたいレベルでほんっっっとうに素晴らしいお店でした!!値段も変わらずそのままで店員さんも本当に優しく丁寧でフレンドリーだったので終始楽しかったです!本当にきらりさんを選んで良かったし一緒に行った友達とも京都でまた着付けするならきらり決定だね笑って話すぐらい素晴らしいお店でした!!本当に楽しい思い出をありがとうございました!!素敵な1日になりました!										
京都着物レンタルきらり,150pジャストの小学4年生でもかっこよく着せていただきました,5.0,											何度か京都でレンタル着物を利用した事はあったのですが
京都着物レンタルきらり,大変お得なプランで大満足！,5.0,											とても丁寧に着付けやヘアセットしていただき、京都旅行の素敵な思い出になりました！
京の絞り工房川崎,良い体験ではあった,2.0,											祖母へのプレゼントを作りたくて予約をして行きました。
京の絞り工房川崎,染め体験,5.0,											今回はTシャツの染めを選択しました。
京の絞り工房川崎,手軽に染め体験,5.0,											母と2人でストールの染め体験をさせて頂きました。
京の絞り工房川崎,とても色鮮やかな作品ができました！,4.0,											絞り染めのことはなにも知らずに、京都で体験できるものを探してお邪魔しました。
京の絞り工房川崎,世界に一つだけの素敵なTシャツができました！,5.0,											この度は素敵な経験をさせて頂きありがとうございました！！
京の絞り工房川崎,とても勉強になり楽しく出来ました。,5.0,											丁寧に解り易く教えて頂き有難うございました。初めての絞り染体験でしたが感動できる仕上がりに凄く嬉しくなりました。気さくで色々とご質問しましたが、笑顔で全て答えてくれて本当に勉強になりました。また、時間が出来たら行きたいです。有難うございました。										
京の絞り工房川崎,また近々リピートしたいです！,5.0,											関西に来てまだ日が浅く、知り合いもいないなかでの祝日をどう過ごそうかな‥と考えていたところ、この体験を見つけて申し込みました。
京の絞り工房川崎,丁寧に教えて頂きました。,5.0,											場所は他の方のクチコミにもありますが、路地の奥で少し分かりにくいので、地図を見ながら行くとよいです。
京の絞り工房川崎,最高の思い出になりました♪,5.0,											初めてでも丁寧に教えていただけたので本当に素敵な作品ができました！小学生と4歳の子も連れて行きましたが、親子で楽しめました！またお邪魔しまーす♪
京の絞り工房川崎,初めての絞り染め体験♪,5.0,											風呂敷の絞り染め体験、とても楽しかったです。
京の絞り工房川崎,まったり楽しく作業が出来ました！！,5.0,											友達と少人数でもあってか、まったりとお話しながら楽しく作業が出来ました！
京の絞り工房川崎,日本の伝統文化を体験,5.0,											中学時代に美術の授業でろうけつ染めならしたことはありますが、雪花絞りは初めてでした。
京の絞り工房川崎,また行きたい!!!,5.0,											地元民ですが､初めて体験に行きました｡すごく丁寧に､模様の絞り方や染め方を教えてもらえて､とても分かりやすかったです｡絞り方で予想もつかない模様になって、出来上がりも大満足です。京都の思い出の一つにしてください!!!										
京の絞り工房川崎,とってもおすすめです,5.0,											今回はショールを染めさせてもらいました。糸でくくって自分好みの色に染めて、糸をほどくと模様になっています。糸をほどくまで、どんな模様になっているのか分からないのがまた楽しいです。染めたものを持って帰れるので良い思い出にもなります。とても親切です。ぜひ体験してみてください。										
京の絞り工房川崎,初めての染色！楽しかったです。,5.0,											私一人のストールを染める為に、たくさんのお湯を沸かしてもらって、色を確認しながら染めて行く。
京の絞り工房川崎,伝統文化を知ろう,5.0,											絞り染めを体験しました。丁寧に工程を教えてくださいました。
京の絞り工房川崎,楽しい思い出！,5.0,											地元の友人と伺いました！
京の絞り工房川崎,染め物体験,5.0,											おじいちゃんとても丁寧に教えてくれて可愛い！楽しい！最高です！手拭いの模様がそれぞれ個性出て可愛かった！										
京の絞り工房川崎,良い経験が出来ました！,5.0,											デザインを決めるところから始めて、糸で縫って絞って染めて、また糸を解いて、と出来上がるまで色々な工程が必要なんだなぁと勉強になりました。
京の絞り工房川崎,雪華絞り染め体験,5.0,											念願の雪華絞りの体験をしてきました。
体験工房　雄彩,ブックマーカー作り,4.0,											近くの駐車場が満車で少し離れた所の駐車場から歩きました。どのように作るのか興味がありこの度とても楽しみにしていました。事前に支払いをしていましたが当日は追加でチャームなどを選べて追加料金を現金で支払うスタイル。いろいろなチャームがあり迷うのも楽しかったです。作るのは紐の部分のみでタッセルは準備してくださっている中から選び紐の色を自分で選ぶスタイル。所要時間はゆっくりしても1時間くらいでした。彼と初めてのデートで緊張していましたがほんわかとした雰囲気のアットホームな空間で緊張が和らぎました。帰りに近くの和菓子屋さんで大福を買いました。とても素敵な時間を過ごすことができ思い出に残る作品を作ることができ満足です。ありがとうございました。										
体験工房　雄彩,世界に一つ、自分だけの数珠作り体験,5.0,											数珠を必要とする機会が増えてきたので、折角なら自分だけの数珠を作るのも良いかなと考えていて、時間が出来たので夫婦で旅行がてら行ってきました。
体験工房　雄彩,親子で体験しました,5.0,											法事で必要になり、私と中２息子のお念珠を作りに伺いました
体験工房　雄彩,体験,2.0,											時間早めで他の人と一緒だったからか余り詳しい説明なかったように感じましたね。
体験工房　雄彩,組紐体験,5.0,											職員旅行で京都に行きました。時間もあまりなく妊婦さんもいるので猛暑の中の観光はやめて、京都らしい体験をしたくてこちらにお世話になりました。
体験工房　雄彩,楽しい時間が過ごせました,5.0,											組紐に興味があった中学生の娘と体験しました。かなり早めに着いたのですが対応していただき助かりました。読書が好きな娘はブックマーカー、私は予約時とは異なるキーホルダーに変更していただきました。丁寧に教えていただき、自分達のペースで作成することができました。
体験工房　雄彩,簡単にできる組紐作り,5.0,											以前から組紐作りに興味があってちょうど予定がなくなったところだったので申し込みをしました。GWに京都へ観光に行きその際に京都の友人と行きました。当日の10時の予約でしたが空きがあったようで申し込めました。
体験工房　雄彩,娘と一生の思い出になる物が出来ました,5.0,											高校生の娘と2人て念珠作りをさせてもらいました。
体験工房　雄彩,初めての体験系でした。,4.0,											初めて、体験させて頂きましたがとても丁寧にお教え頂きとても良かったです。
体験工房　雄彩,誕生日プレゼント,5.0,											私の誕生日（8月）に娘が誕生日プレゼントとして数珠ブレスレット作りを体験さして貰いました。
体験工房　雄彩,クオリティ高い！,4.0,											糸の色　玉の種類を選んでから製作しました！
体験工房　雄彩,体験出来て良かった！,5.0,											少し、駅から遠そうだな、と考えて居たのですが、出町柳駅のそばから　バスで行ったら、下車した最寄りのバス停から　雄彩さんまで歩いてすぐでした。
体験工房　雄彩,素敵な念珠とブレスレットを作らせていただきました。,5.0,											京都訪問で思い出に残るものを。。と思い、サイトで見つけ予約を入れました。こちらの都合で時間の変更があったにも関わらず、対応していただき感謝しております。弟と楽しい時間を久しぶりに過ごさせていただきました。次回は、家族で是非、予約を入れてお伺いしたいと思います。										
体験工房　雄彩,京都で念願のアクセ作り体験となりました,4.0,											予約時に台風の影響もあり予約変更をお願いしましたら、気持ち良く引受けて下さいましたので、再度予約の際はネットよりさせて頂きました。
体験工房　雄彩,楽しかったです。,5.0,											当日の予約で、早めの到着にもかかわらず、すぐ準備していただいて念珠を作りました。
体験工房　雄彩,自分だけのオリジナル組紐ブレスレットに感激,5.0,											京都でしかできない体験をしたいと探していた時、組紐とパワーストーンのブレスレット作り体験工房を見つけました。ひとつひとつパワーストーンの意味を確認しながら好きな色合いの石を決め、次に沢山の種類の組紐の糸の色合いを考えつつ３色選んでから、作品を作る手順となっていました。色々な種類の見本を用意して下さっていたので、どんな風になるのかイメージがし易かったです。色の組み合わせに沢山悩みましたが根気よく色選びに付き合ってもらい、オリジナルのメガネチェーンを作ることができました！
体験工房　雄彩,楽しい！,5.0,											組み紐で房の付いたキーホルダーを作らせていただきました。説明もわかりやすく丁寧に教えていただき楽しく体験することができました。										
体験工房　雄彩,念願のお念珠作り楽しめました,5.0,											ずっと作りたかったお念珠。一人旅が多い私は、利用規定には該当せず諦めていましたが
体験工房　雄彩,思いもよらず、素敵な、、,4.0,											自分で、立派な数珠を作れるとは思いませんでした
体験工房　雄彩,組紐ブレスレット体験,5.0,											組紐ブレスレット体験しました。
伊根の舟屋,桜咲く伊根の舟屋,5.0,今年4月5日に京都縦貫道を通り、車で向かいました。知り合いから何もないところですが、桜が咲く時期は大変綺麗で舟屋を直近から見れる観光船も出て大勢の外国人も乗船していて日本人は、4人でした。下船した後、車で街中を散策、伊根で有名な酒蔵を尋ね、その後、高台のカフェにて時間を過ごし、今夜の目的地、奥伊根温泉油屋別館和亭にて宿泊。朝食も晩ご飯も食べきれないほどの新鮮な魚料理や珍しい食材を使った料理などに満足する。
伊根の舟屋,海の京都は最高でした,5.0,海辺から見る景色、高台から見る景色、船から見る景色、すべてが美しかったです。海が透き通って魚も見えるくらい透明度がありました！
伊根の舟屋,のんびりのんびり散策,5.0,3回目の伊根。家内と車中泊と舟屋に宿泊。散策&のんびりと埠頭で釣り三昧。夫婦にとって、全国道の駅の中でベスト10にランクイン。立ち寄り湯がいっぱいあるといいな♪♪♪
伊根の舟屋,伊根の舟屋の素朴さ,5.0,長い間、一度は行きたい場所のひとつで知り合いからもきてくださいとの誘いもあり、この風景が日本の風景の100選に選ばれているのかわからないが、私にとっては新鮮でここにしか無い舟屋の風景を目に焼き付けて旅を終えました。
伊根の舟屋,もう少し長く滞在したかった,5.0,京都駅からの1日ツアーだったので、滞在時間が限られていたので、又ゆっくり訪れてみたい所だ。
伊根の舟屋,町並み,4.0,町並みを見てみて回るのも良いですが、海から舟屋を見ることをお勧めします。観光センターで手配してくれます。
伊根の舟屋,海上タクシー最高でした。,4.0,伊根に着いたのが少し遅い時間だったので、人も少なく、ゆっくりと伊根の町並みを楽しみました。
伊根の舟屋,国際的な観光地,4.0,観光船は、ほとんどの乗船が台湾　韓国からのツーリシスト
伊根の舟屋,やっと行けた！,5.0,snsが身近でない、かなり前に新聞で紹介され、ずっと行きたかった。
伊根の舟屋,古くて新しい街並み,4.0,ガイドブックや写真を見て訪れてみたかったところです　駐車場やトイレもあり散策にはちょうどいい町でした
伊根の舟屋,素晴らしい風景,5.0,ずっと訪れたいと思っていた地にようやく行くことができました。何回もテレビで映りましたが、やはり男はつらいよのロケ地としてかがりさんの住む舟屋を見たいというのが一番の目的でした。海上から見ることができる景色は映像のままで感動しました。観光案内所にて男はつらいよのロケ地の案内マップをもらい、だいたいの位置がわかりました。また、向井酒造に、私の幼馴染みを連れて行ったらお店の方がいたく喜んでくれ、こちらがびっくりするほどの歓迎ぶりでした。町並みは道が狭いわりに車の通りも多いのであまり歩くのに適していないかなと思いますが、海上からと帰りに行った道の駅からの絶景はどちらも一度は見ていただきたいと思います。また、来れたらいいなと思いました。
伊根の舟屋,観光船に乗るのがいいね。,4.0,以前から１度は行ってみたいと思っていた伊根の舟屋の景色。今回は時間があまりなくてサラッと見るだけになってしまったのは残念でしたが、歴史感じる港町の建物群と風情はなかなかのもの。ただ風情楽しむなら観光船からの眺めは外せないので、それは次回のお楽しみかなと。
伊根の舟屋,カモメの大群,5.0,湾内観光船に乗船。カモメの大群が船に随行、外国人団体客が多く１便遅らせて乗船。楽しい船旅でしたが、途中荒天が残念
伊根の舟屋,海上タクシーおすすめです。,5.0,伊根の舟屋は懐かしい日本の風景が見れます。
伊根の舟屋,うわさどおり,5.0,日本の良さを感じ、たくさん来ていた外国の方達にも自慢したくなる昔ながらの知恵を絞った生活文化にゆっくり触れることができます。
伊根の舟屋,穏やかな水辺の風景に癒されました,5.0,TVで紹介していた伊根町に行ってみたくなり、京都への用事のついでに足を伸ばしました。京都から2時間ちょっとで天橋立駅に11時前に到着。事前に予約していたレンタカーで伊根まで40分で到着。12時の遊覧船に余裕で乗船して伊根湾周遊。
伊根の舟屋,歴史ある舟屋をのんびりと見学する,4.0,歴史ある舟屋を、のんびりと見学することができました。観光案内所の人がとても親切でした。レンタサイクル無料が嬉しいですね。
伊根の舟屋,日本海の漁村の源,5.0,漁で生活する人たちの、最適な生活家屋なんだとおもいました。
伊根の舟屋,値段の割には十分楽しめました!,5.0,波も穏やかで船長さんの説明も分かりやすく、テレビでしか見たことの無い伊根の船宿を間近で見れて良かったです!
伊根の舟屋,海との生活,4.0,1階に船が入るような構造の家屋が並んでいます。
東寺（教王護国寺）,イベントに参加しました。,5.0,小学生依頼の、東寺。
東寺（教王護国寺）,圧巻の仏像の数々に感銘,5.0,京都駅近くに宿泊し、京都駅から電車ですぐの立地にこれ程素晴らしいお寺があるとは、想像以上でした。行きやすさもあって、京都観光の最後に急遽組み込みましたが、特別拝観のタイミングもあり、素晴らしい数々の仏像、立体曼荼羅に感銘しました。お寺の敷地や建物も広く、立派で清々しい空気感でした。
東寺（教王護国寺）,桜の開花時期に訪れたい,2.0,テレビを見て　イメージを膨らませていたので期待していたほどではないですね。一部改修工事をしており、修学旅行の生徒さんで賑わっていたので　今度行く時は　早朝に訪れてみたいと思います。
東寺（教王護国寺）,桜ライトアップ,5.0,４月初め　夜桜のライトアップを見に行って来ました。本当に　息を飲む素晴らしさです。
東寺（教王護国寺）,大日如来や五重塔が素晴らしい,5.0,駐車場も広く、車でも行きやすい。
東寺（教王護国寺）,特別期間限定で五重の塔の中を見ることができました。,4.0,国宝がいくつもあるのに、拝観料８００円で無いよう濃いです。今まで足を運んだことがなかったのが不思議なくらい何度も京都は行っているのにはじめててでした。桜の時期は最高だと思います。
東寺（教王護国寺）,五重の塔,4.0,ゴールデン期間中、塔内特別参拝できました。素晴らしさに感動。庭園も整備されており癒されました。係の方がとても親切でした。
東寺（教王護国寺）,京都を感じました,5.0,時間的な都合で拝観料のかからないところだけしか見てませんが
東寺（教王護国寺）,五重塔の見張りの人,1.0,腰が痛いからリュックを背負っていったのですが、五重塔の入り口で前に背負うよう、伝えられたので、腰が痛い旨を伝えると周りの人に注意して下されば背負っていて良いと言われたので中に入り見学していると、中で見張りをしてる人から大きな声と威圧的な態度でリュックは絶対に背負わないで下さいと注意されたので、入り口で周りに注意するなら良いと言われたことを伝えても絶対に背負うなと、威圧的な態度。アルバイトで見張りをしてると徳をつんだつもりになるのか、偉そうで威圧的で慈悲の心も思いやりもない態度。注意するにもやり方や言い方と言うものがあると思うのにほんとうに不愉快、二度と参拝しない。
東寺（教王護国寺）,閉門時間要注意！,4.0,駅のホワイトボードの情報で、その日のうちに桜の散り際を見たいと思い、遠回りして正門側から通り抜けようとしたら、16:40の閉門にギリギリ入れず。裏門に回って少しだけ中に入って写真を撮ることができました。何度も訪れているのですが正門が先に閉まると知らなかったので、みなさん気を付けて。素晴らしい建造物がいくつもあるのでぜひ訪れてみて下さい。
東寺（教王護国寺）,東寺のライトアップと桜のコラボ,5.0,大勢の観光客で賑わっていました。
東寺（教王護国寺）,ライトアップで綺麗,5.0,東寺のライトアップの最終日に行きましたが、沢山の人で賑わっていました。ライトアップのシルエットの東寺が素敵です。満喫して良かった。旅の想い出です
東寺（教王護国寺）,東寺の弘法さん,4.0,21日の弘法さんなので 出店が多く 特に骨董屋を中心に品探しをするが 思ったのがなかった 昼過ぎなので 小腹が減りたこ焼き 焼きそばを買う
東寺（教王護国寺）,ゆったりと時間を過ごす,5.0,金堂で係の方に思いもよらず説明を聞くことができて、とてもわかり易く勉強になりました。
東寺（教王護国寺）,夜間観覧はいいですよ,4.0,秋の紅葉の時期に夜間観覧を見て心打たれ、桜咲く時期も！と思い一人旅を決行しました。満開を少し過ぎていましたが、まだ楽しめてよかったです。仏像も拝観させていただき心落ち着きました。
東寺（教王護国寺）,東寺の桜。,5.0,京都観光のさいごのさいごに桜見物と拝観をしました。メインの枝垂れ桜は葉桜になってしまったので残念でしたが、他の桜と五重の塔のコラブがよかったです。仏像と言うのが良いかわかりませんが、素晴らしかったです。私は、IQOS派なので、喫煙の場所があるので助かりました。
東寺（教王護国寺）,ただ敷地が広い。,1.0,土産売り場の係の対応が、とても威圧的な態度です。日本人に対しても話し方が、悪いです。せっかく国宝をお参りに来たのに気分を害しました。相手の立場に立つ気持ちがないですね。二度と参拝しないです。
東寺（教王護国寺）,なかなかの広さ！,5.0,初めて行きましたが
東寺（教王護国寺）,冬の特別拝観,4.0,非公開文化財の特別拝観で東寺の五重塔を観てきました。普段見られないところを観光ボランティアの人が説明してくれてゆっくり見ることができました。あまり混んでなくて良かったです。
東寺（教王護国寺）,素敵すぎる,5.0,御朱印巡りをしてる方は絶対行って欲しいかも？
京都着物レンタル はちみつ 〜かわいい着物屋さん〜produce by  H＆C group,親切&丁寧&上手で大満足,5.0,遊び体験済み
京都着物レンタル はちみつ 〜かわいい着物屋さん〜produce by  H＆C group,皆さんは喜んだ。,5.0,予約通りになりまして、とても良かったと思います。友人達は初めて着物の体験で、いい思い出になりました。また行きたいです。
京都着物レンタル はちみつ 〜かわいい着物屋さん〜produce by  H＆C group,とても良かったです♪,4.0,遊び体験済み
京都着物レンタル はちみつ 〜かわいい着物屋さん〜produce by  H＆C group,明るく親切なお姉さんと可愛いわんちゃん,5.0,年代的に着物レンタルしてはしゃぐなんてひかれないだろうか、と心配して行ったのですが、本当に親切に丁寧に対応してくださいました。
京都着物レンタル はちみつ 〜かわいい着物屋さん〜produce by  H＆C group,祇園祭の宵山を楽しく過ごせました,5.0,遊び体験済み
京都着物レンタル はちみつ 〜かわいい着物屋さん〜produce by  H＆C group,楽しめました！,5.0,かわいいワンコがお出迎えしてくれます！
京都着物レンタル はちみつ 〜かわいい着物屋さん〜produce by  H＆C group,着物で散策,5.0,すごく安いのに可愛く仕上げてもらいました！
京都着物レンタル はちみつ 〜かわいい着物屋さん〜produce by  H＆C group,京都観光,5.0,着物レンタルのおかげで楽しく京都観光できました
京都着物レンタル はちみつ 〜かわいい着物屋さん〜produce by  H＆C group,初めての着物レンタル,5.0,娘と利用しました
京都着物レンタル はちみつ 〜かわいい着物屋さん〜produce by  H＆C group,楽しかった！,5.0,かわいい着物も多くて選ぶところから楽しかったです（^^）
京都着物レンタル はちみつ 〜かわいい着物屋さん〜produce by  H＆C group,着物レンタル,5.0,可愛く仕上げてもらいました！
京都着物レンタル はちみつ 〜かわいい着物屋さん〜produce by  H＆C group,値段がお手頃でした。,5.0,孫との旅行で
京都着物レンタル はちみつ 〜かわいい着物屋さん〜produce by  H＆C group,楽しかった,5.0,初めて浴衣レンタルしました
京都着物レンタル はちみつ 〜かわいい着物屋さん〜produce by  H＆C group,浴衣レンタル,5.0,かわいい浴衣がたくさんありました
京都着物レンタル はちみつ 〜かわいい着物屋さん〜produce by  H＆C group,GW旅行,5.0,友達と二人で利用しました
京都着物レンタル はちみつ 〜かわいい着物屋さん〜produce by  H＆C group,親切,5.0,孫と京都に行った際に
京都着物レンタル はちみつ 〜かわいい着物屋さん〜produce by  H＆C group,卒業旅行,5.0,リーズナブルなのにとても可愛く仕上げてもらいました！
京都着物レンタル はちみつ 〜かわいい着物屋さん〜produce by  H＆C group,三十三間堂に行ってきました,5.0,千体もの千手観音像に圧倒されました。参拝客も歴史に興味のある方が多く、落ち着いた雰囲気で楽しむことができました。
京都着物レンタル はちみつ 〜かわいい着物屋さん〜produce by  H＆C group,卒業旅行でお世話になりました,5.0,少し大人数になってしまったのですが快く受け入れて頂きました！着物も、たくさんあってみんなで悩みながら決めたりが楽しかったです（^^）看板犬のチロちゃんも可愛くて癒されました
京都着物レンタル はちみつ 〜かわいい着物屋さん〜produce by  H＆C group,すごくいい体験でした,5.0,初めて着物レンタルしました
京都駅ビル,混んでいるが…,4.0,いろんなお店があり楽しめます。
京都駅ビル,飲食店もたくさんあり良かった,4.0,展望台などもあり景色も綺麗。目の前に京都タワーが見られて幻想的だった。夜景なども堪能できるように工夫されていてゆっくりできた。
京都駅ビル,京都観光で寄ります。,5.0,JR京都駅の京都駅ビル。エスカレーターで最上階まで上がれます。ラーメン小路に寄ったり、お買い物もできて、便利。観光客で大変混んでいました。
京都駅ビル,混雑し過ぎ,1.0,とにかく外国人が多過ぎる。日本人よりも数が多い。マナーが悪いのもたくさんいる。少しは規制をかけてはどうか!?
京都駅ビル,空中径路,5.0,夜の大階段のプロジェクトマッピングも綺麗ですが、空中径路がおすすめです。
京都駅ビル,お土産の種類とクオリティの高さはいつも以上,4.0,家族が、京都に住んでいるので、コロナ以前からよく利用していたが、工事中の所が一部なり利用しやすくなった。
京都駅ビル,近代的,4.0,夕食場所を求めて行きましたが、外階段があってステージみたいでライトアップとか照明がとても綺麗でした。知らなかったので、京都駅とは思えず近代的でびっくり！
京都駅ビル,お店多数　混んでる,4.0,ゴールデンウィーク中だったこともあり　とても混んでいました。
京都駅ビル,ぐるっと一周・Drive Around Tour.,4.0,"スカイバス・京都の「定期 観光バス」で出発,10:00.の1時間コースを観光しました。"
京都駅ビル,人は多いですが、時間帯や行く所を考えて人混みを避けてます,4.0,毎回、外国人や人が多い京都駅。私はなるべく人混みを避けながら、また、時間帯に気をつけて動きます。
京都駅ビル,ロッカー探すのが一苦労,2.0,人の多さにびっくり…ほとんどが外国人の方。
京都駅ビル,外国人が多過ぎる,2.0,習慣が違うからか元々非常識なのかルールやマナーを守らない人が目立つ。
京都駅ビル,雨の日にはぜひ京都駅で観光を,5.0,京都で観光と言えばお寺などが思い浮かぶと思います。しかし、雨だとなかなか観光し難い。そんな日でも京都駅ビルでは、十分に京都を満喫することができます。京都を代表する料理（和食・町中華など）様々な飲食店の他にも、京都土産を購入出来るスポットは沢山あります。
京都駅ビル,雨天寒暖関係無く楽しめる、京都のあまり知られていない観光地！,5.0,特に、夕方や夜景が見える時間がオススメです。リズミカルで変化のあるライトアップも楽しめ、景色も美しいです。
京都駅ビル,ライトアップ,5.0,夜はライトアップをしていて、とてもきれい。たくさんの人が見ていました。駅は夜遅くまでごった返していました。
京都駅ビル,お天気が良ければ,5.0,駅で時間のある時は屋上に行くことを勧めたい。気持ちの良い空間でベンチに座って好きなだけおしゃべりができる。
京都駅ビル,地下からビル高層階まであり一日中あそべる,5.0,地下からビル高層階まで買い物やグルメに一日中遊べます。駅直結なので天候に左右されません。またホテルも隣接しており疲れたらやすみにかえれます
京都駅ビル,かっこいい,5.0,久しぶりに行きましたがとてもカッコいい。外階段がライトアップされていて綺麗。駅として利用するだけではもったいない。ぜひ立ち寄ってみて。
京都駅ビル,迫力あり,3.0,大階段が、駅なのか百貨店なのかわからないのですが、
京都駅ビル,迷う,3.0,久々の京都出張で記憶を辿ってお店を探して京都駅ビルを歩きましたがリニューアルして記憶と違うところもあり迷いながらも混雑をかき分けてたどり着くことができました。
京友禅体験工房　丸益西村屋,6才の子供が体験,5.0,											6歳の子供が体験させていただきました。ゆっくり自分のペースで作業をすすめることができるので、納得いく作品ができ、本人もとても喜んでいました。いくつか染めの体験ができる施設があり、口コミを参考にこちらでの体験に決めましたが、口コミ通りお店の方も皆さんとてもやさしく、こちらのお店を選んでよかったと思います。ショップも併設されていて、お土産にぴったりのものもたくさんありました。染め体験、小さいお子さんにもぜひおすすめです。										
京友禅体験工房　丸益西村屋,素敵な体験でした！また伺います♪,5.0,											色の乗せ方や筆遣いを見せてくださったので分かりやすく、初めてでも取り掛かりやすかったです。
京友禅体験工房　丸益西村屋,もっと時間があれば…,4.0,											巾着とがま口を作るつもりで行きました。が、あとに団体が入るとのことで、時間が限られ、巾着のみの体験となりました。最初に丁寧な説明があり、そのあとは集中して取り組めました。アドバイスもしてくださり、満足できる作品になりました。次回はがま口にチャレンジしたいです。										
京友禅体験工房　丸益西村屋,集中できました。,5.0,											何に絵付けをするかを選び、友禅の歴史のお話をきいて、体験の説明をうけ、型をさがし、刷り込みで絵付けをしました。納得いくまで、時間を気にすることなくできました。お店の方々も優しく指導してくださって、せかす事もなく時間許す限り体験させて、頂きました。
京友禅体験工房　丸益西村屋,自由に作れてめちゃくちゃ楽しい！,5.0,											京友禅の歴史や作業手順を丁寧に教えていただいたのち、いろんな種類の型紙を選んでじっくり楽しく作る事ができました！
京友禅体験工房　丸益西村屋,楽ちん,5.0,											ベテランガイドさん付きで、主要の観光スポットを回ってくださるので、時間がない方には絶対におすすめです。										
京友禅体験工房　丸益西村屋,想像以上に楽しい,5.0,											スマホケースやブックカバー、扇子などたくさんのアイテムからフォトフレームを選択しました。
京友禅体験工房　丸益西村屋,子どもの体験の思い出に,5.0,											3歳の子どもを連れて京都に一泊しました。
京友禅体験工房　丸益西村屋,先日,5.0,											先日、2名で訪れました。
京友禅体験工房　丸益西村屋,楽しいぃ！,5.0,											せっかく京都に来たのだから、ここでしか出来ないことをしようと、娘とこちらを利用させて頂きました。
京友禅体験工房　丸益西村屋,1人でも行けます,5.0,											題材を選ぶのにかなり迷ってしまいましたが、好きなだけ時間かけて選べて良かったです。もっと色んな題材で試したいですね。										
京友禅体験工房　丸益西村屋,とても楽しめました！,5.0,											母娘で体験を楽しみにしていたのですが、乳児の都合で父娘で体験させていだきました。
京友禅体験工房　丸益西村屋,また是非参加したいです！,5.0,											10時の予約で訪問しましたが、9時台からのお客さんも入っていて、盛況でした。グッズは予約時に選んでいましたが、改めて現物を見ながらグッズを選び、たくさんの中からどの柄にするか、ファイルから型紙セットを選んで着席。エプロンして、説明を受けて、いざスタート。色をひ筆に付けてからカスカスになるまで筆をこするのですが、それが待ちきれなくて、カスカスになる前に型紙に載せてしまうと、ぼかしがイマイチになってしまう。。簡単にきれいに出来上がるので、あっという間にできました。私はスマホケースにしましたが、友人はエコバックにしており、次回は違うものも作ってみたいです。										
京友禅体験工房　丸益西村屋,京都に行く時はかならず来たいです！,5.0,											コロナ禍前は毎年京都を訪れていましたが、今年久々に京都へ旅行しました。入籍して初めての旅行ということもあり、これまでしなかったことをと思い、夫婦で初めての友禅体験。
京友禅体験工房　丸益西村屋,自分オリジナル,5.0,											今回はタンブラーの周りの布に色付けをしました。お店の方は優しくて声をかけてもらいながら、自分オリジナルの色で素敵にできました。もっと色々なものもやればよかったと後悔してます。また京都を訪れた時はまた伺います。										
京友禅体験工房　丸益西村屋,型紙選びに色選び、個性が出ます。,5.0,											欲張ってハンカチとトートバッグに染付けました。
京友禅体験工房　丸益西村屋,型紙友禅染の体験、大満足です。また、リピートします。,4.0,											姉妹二人でTシャツを選びました。大小さまざまな型紙があり、初心者は小さい型紙を選んだ方が良かったと思いました。筆の刷り込み方が難しかったです。姉はぶどうの小さい型紙でとても綺麗に出来ていました。私は欄と舞子さん。欄は大きい型紙だったので、少し薄かったようです。後ろに舞子さんの小さい型紙をワンポイント入れたのは上手く出来ました。女性の従業員の方と一緒に型紙を選ぶことからはじめて2時間程滞在しました。優しく丁寧なご指導をしていただき感謝です。途中で先生に声をかけていただき、筆の刷り込み方についてのご指導もありました。貴重な体験をさせていただきました。とても楽しかったです。リピート間違いなしです。お支払いはキャッシュレス決済が使えたのは便利でした。ネットからの予約でしたので割引きがありました。また、来ようねと京都駅で別れました（福岡県と神奈川県）年1回の姉妹旅行です。										
京友禅体験工房　丸益西村屋,最後まで楽しめました！,5.0,											店員さんに外国の方がおられ丁寧に教えてくださり時間ぎりぎりまで付き合ってくださいました:-）
京友禅体験工房　丸益西村屋,良い,5.0,											とても丁寧に対応してくださいました。ハンカチだけ予約しましたが、扇子と巾着も追加で作りました。また、行きたいです。										
京友禅体験工房　丸益西村屋,とても楽しかったです！,5.0,											本当に素敵な体験ができました！
ビックスマイル保津川ラフティング,最高でした！,5.0,関東から小6息子と2人で参加させていただきました
ビックスマイル保津川ラフティング,ガイドに日本人がいないことに不安を感じました,1.0,9月の平日、午前中のコースに参加しました。
ビックスマイル保津川ラフティング,最高でした！！また絶対行きたい！！,5.0,スタッフさんもみんな親切ですごく盛り上げてくれ、テンション上がり楽しかったです！
ビックスマイル保津川ラフティング,楽しい夏の思い出になりました！,5.0,ガイドの方がとても盛り上げてくれたので、大変楽しむことができました。写真もたくさん撮り、シェアをしてくれたので大満足です！また来たいです！
ビックスマイル保津川ラフティング,とてもいい思い出になりました,5.0,着替える所がエアコン付きで綺麗でした。
ビックスマイル保津川ラフティング,楽しい思い出になりました,5.0,7歳の子供とファミリーコースに参加させて頂きました。スタッフさんが親切で面白く、ご一緒になった家族さんとも楽しくさせて頂きました！子供も大満足でした。
ビックスマイル保津川ラフティング,楽しかったです！,5.0,アメリカからの一時帰国中に小3と中1と参加。関西色々観光しましたが、子供達はこのラフティングが一番楽しかったとのこと。慣れたガイドさんがボートをうまくコントロールしてくれていたので親として安心でした。
ビックスマイル保津川ラフティング,いい思い出になりました！,5.0,インストラクターの方が明るく親しみやすい方で、同じボートになった方とも一緒に途中のゲームなど楽しめました！
ビックスマイル保津川ラフティング,残念でした。,2.0,飛び込みは、強要するべきではありません。
ビックスマイル保津川ラフティング,初ラフティングサイコ,5.0,初ラフティング…参加して来ました。
ビックスマイル保津川ラフティング,大自然とラフティングを大満喫,5.0,仕事仲間と一緒に保津川ラフティングに行きました。
ビックスマイル保津川ラフティング,半日ラフティング,5.0,初めてのラフティング。ちょっと不安ありましたがガイドさんがすごく親切丁寧に説明と指導して頂き、ﾑｯﾁｬ楽しみました。他の方と相乗りでしたがみんなでキャーキャー笑いながらラフティング。途中、泳いだり、飛び込みしたりと本当に楽しかったです。久しぶりにお腹抱えて笑ってあっという間の半日でした。ウエットスーツのまま電車に乗って帰るのも面白かった。写真もいっぱい撮ってもらって後で見ても笑えます。機会があればまた行きたいです!!!　ありがとうございました。
ビックスマイル保津川ラフティング,楽しかった！,5.0,初めてのラフティング、想像以上に楽しかったです。親切で、楽しく盛り上げて頂いたガイドさんのおかげです。また利用したいです！ありがとうございました。
ビックスマイル保津川ラフティング,しゃからかぶんぶん,5.0,初めてのラフティングで不安もありましたが、楽しいガイドさんと一緒に色んな事ができて大満足です！！写真もたくさん撮って頂いて本当にいい思い出が出来ました！また2回目も行きたいと思いました！！
ビックスマイル保津川ラフティング,シャカラカブンブン！！,5.0,はじめてのラフティングで初めは不安でしたがとても楽しい時間を過ごせました！写真をたくさん撮ってほしいと伝えたらたくさん撮ってくださり後からも楽しめる機会をくれました！ガイドさんも明るく楽しい方で最高でした！しゃからかぶんぶん！
ビックスマイル保津川ラフティング,ガイドさんノリよくて楽しい,5.0,ラフティングは危ないイメージがありますがガイドさんが皆さんの命を守りつつ、リスキーな体験をさせてもらえます。
ビックスマイル保津川ラフティング,保津川ラフティング最高。,5.0,家族４名で人生初のラフティング体験。外国人ガイドさんによるハラハラドキドキの３時間でした。ラフティング時間は思った以上にありましたよ。京都の金閣寺、清水寺も良いと思いますが、小学生、中学生、高校生の子供と一緒にファミリーラフティングは最高の夏休みとなりました。とにかくコスパは最高でラフティング料金も写真料金も大満足です。最後にたいへんお世話になったスタッフさん本当に楽しかった、ありがとーーー。
ビックスマイル保津川ラフティング,テンション爆上がり!,5.0,コロナ禍でなかなか旅行にも行けないこのご時世で、めっちゃ楽しいことしたいと探したのが、ラフティングでした。ガイドさんの、丁寧なレクチャーもあり子どもたちとの参加でしたが、安心して楽しめました！最初は緊張していた子どもたちも、川に飛び込んだり、泳いでみたりと最後は疲れてきっていました。
ビックスマイル保津川ラフティング,超楽しい！,5.0,家族3人で行きました！ボートには一緒に5人グループの方達と乗りましたが、ガイドさんのノリでみんな仲良く楽しめました！川の迫力も申し分なし！写真は最後にデータ2000円で買うことができます！いい写真いっぱい！超大満足です！
ビックスマイル保津川ラフティング,いい運動！！あっという間に時間が過ぎていくラフティング！,5.0,ラフティングは、色々な場所で経験があったのですが、なんと言っても、ラフティングはガイドさん次第で良くも悪くも・・・
京都竹の郷温泉 万葉の湯 ホテル京都エミナース,癒される施設です。,5.0,											2種類の温泉が湧いていて、シャワーからも温泉が出て、水風呂も温泉水利用という贅沢さ！中々ない施設と思います。
京都竹の郷温泉 万葉の湯 ホテル京都エミナース,定期的に癒されに来ています。,4.0,											夫婦で気に入り、何回か利用しています。レストランのお料理は相変わらずイマイチですが、お風呂やリラックスルームなどゆっくりできる施設が魅力です。今回リラックスルームでブランケットを席にそのままにして場所取りをしている人が多く、席が空いているのに利用できないエリアが多く困りました。あと毎回、ここで仮眠すると喉が痛くなるので乾燥対策ももっとしていただきたいです。お風呂では今回なぜか炭酸泉にバスクリンのような色の付いた入浴剤が入っていて、白い浮遊物も沢山浮いており、気持ち悪くて長く浸かれませんでした。せっかくの温泉なので入浴剤は入れないで欲しいです。また来月も予約しましたのでさらに良い施設になっていることを期待しています。										
京都竹の郷温泉 万葉の湯 ホテル京都エミナース,にぎわってました,4.0,											はじめての利用でした
京都竹の郷温泉 万葉の湯 ホテル京都エミナース,百聞は一見にしかず！リニューアル後に行かれてない方は一度足を運んでみても良いかも,2.0,											この施設は以前に何度か利用した事がありました。
京都竹の郷温泉 万葉の湯 ホテル京都エミナース,食事がもっと良ければ完璧,4.0,											2度目の利用です。2000円の館内利用券付きなので今回も食事で使用しました。前回と今回と食事処を変えて利用してみましたが、やっぱり2箇所とも量や質、味を考えるとコスパ悪いです。季節限定メニューとか工夫も見られますが、メニューもそれほど多くなく、オーソドックスなものが主な印象。今回も値段に見合いそうなものがなく、メニュー表とにらめっこです。お値段もファミレスよりも高め。親子丼で1000円ほどだったかな。見合う内容ならいいのですが醤油ラーメンはインスタントのラーメンを思わせるお味でした。唐揚げは写真より小ぶりで。温泉とリラックスルームが気に入ってリピートしていますが、食事が少々お値段しても、美味しければ、あそこのあれが食べたいからまた行きたい！という楽しみも増えるかと思います。これからも定期的にリフレッシュしに伺う予定なので、是非メニューの改善お願いしたいです。										
京都竹の郷温泉 万葉の湯 ホテル京都エミナース,あまりに汚い！,1.0,											初めて利用させて頂きました。
京都竹の郷温泉 万葉の湯 ホテル京都エミナース,アメニティーはそろっています。,3.0,											万葉の湯だけに少しお高めです。その分、タオルやシャンプー、カミソリ、歯ブラシ、館内着などは充実しています。天然温泉と言いながら、肝心な露天風呂が蛍光緑色のバスクリンです。内風呂が何種類かありますが、温泉の効能などの説明文が何も掲示されていません。休憩場所は建物の3階になります。女性専用の場所もあります。休憩場所はテレビが個別に見れるリクライニングのシートですが、睡眠を重視しているのか、室内が暗く、字が読めません。周りに気を遣って音もたてられないような気づかいがいります。また、この施設へ行くのに、途中の看板や道案内がほとんどないので、たどり着くのに苦労します。										
京都竹の郷温泉 万葉の湯 ホテル京都エミナース,設備が整っており、リフレッシュ出来ます。,4.0,											土曜日の利用でしたが、混雑するまでもなく適度な利用客数で快適でした。公共交通機関で伺ったのですが、送迎バスの始発で入館し、温泉に浸かって昼食後に昼寝をして。でも気がつけばもう夕方の最終便の時間になっていたので慌てて支度しました。せっかくなのでもっとゆっくりしたかったです。最終便があと少し遅くまで出ていたら夕食までいられるのにと思いました。露天風呂のお湯が熱くて直ぐに出ました。季節も暑くなってくる時期ですし、中に熱湯もあるので、あそこまで熱くなくてもいい気がします。こういう所の漫画は古いものが多い傾向ですが、ここのは新しい人気の漫画もたくさんあって好感持てました。定価だとなかなか利用し辛いお値段なのですが、またじゃらんのクーポンなどを使ってお得に利用させていただきたいです。										
京都竹の郷温泉 万葉の湯 ホテル京都エミナース,手ぶらで行けるからよかった,5.0,											私のよかったところは三つです。1、無料のシャトルバスがあること、2、可愛い浴衣があること、3、手ぶらで行けること。										
京都竹の郷温泉 万葉の湯 ホテル京都エミナース,いいお湯でした！,5.0,											ここのお風呂が大好きすぎて！
京都竹の郷温泉 万葉の湯 ホテル京都エミナース,漫画読み放題とゆったり温泉で寛げる,5.0,											朝から行けば夜までずっといれるのはありがたい。
京都竹の郷温泉 万葉の湯 ホテル京都エミナース,１日遊べる！,3.0,											家族四人（子供は小学生と保育園）で行きました。
京都竹の郷温泉 万葉の湯 ホテル京都エミナース,温泉きもちよかった,5.0,											岩盤浴は、二つしかなくて女性専用のところの床が、急に振動が伝わってきたので地震かと思って長居はできませんでした
京都竹の郷温泉 万葉の湯 ホテル京都エミナース,ゆっくり出来ました,4.0,											温泉に入って、休憩室でゆっくり。。
京都竹の郷温泉 万葉の湯 ホテル京都エミナース,温泉の泉質は最高,3.0,											ポイントを使って遊びプランで行ったが、そうでなければ値段的に高いかなぁー
京都竹の郷温泉 万葉の湯 ホテル京都エミナース,癒される,4.0,											新春2日の利用ということもあり、館内は少し混んでいましたがリラックスルームや食堂も余裕のある感じでした。ここはタオルが使い放題なのとアメニティが充実している。そしてなんと言っても泉質がとても良いです。シャワーも温泉、水道水選べるので一日中楽しめます。ただ駐車場が６時間までなので、そこが難点ですね。お値段も家族で行くとそこそこの金額になるので、館内利用中は無料にして欲しいです。										
京都竹の郷温泉 万葉の湯 ホテル京都エミナース,いいお湯でした。,5.0,											前に1度行った事がありましたが、新しくなってからは始めてだったのですがとても綺麗になって広々していました。
京都竹の郷温泉 万葉の湯 ホテル京都エミナース,充実のアメニティと快適なリラックスルーム,4.0,											はじめて利用しましたが、豊富なお風呂の種類があり満足できました。個人的には他の温泉では温度が低めのところが多いので、熱湯があるのは良かったです。リラックスルームもゆったりして快適でした。若干イビキが大きい方が近くにいたので気にはなりましたが、概ねリラックスできました。また利用したいと思います。										
京都竹の郷温泉 万葉の湯 ホテル京都エミナース,独占してほしくない泉質,4.0,											受付で鍵のついた腕バンドを受け取り浴場へ。フロント前には作務衣や色々な柄の浴衣が置いてあり好きなものを選んで良いそうです。
京都竹の郷温泉 万葉の湯 ホテル京都エミナース,2つの泉質の温泉が楽しめる,4.0,											万葉の湯にリニューアルされてはや1年、じゃらんの体験で安いプランを見つけたので初めて行ってみました。
西本願寺,カードをもらえるのが嬉しい。,5.0,この一年間、西本願寺にぞっこんです。
西本願寺,荘厳,5.0,境内の大銀杏は圧巻です。建物の荘厳さに圧倒されますが、廊下の木目を足に感じながら歩いたり、装飾や仏具などじっくり見るのもおすすめです。
西本願寺,無料で中まで観られるすごい場所,5.0,気持ちが穏やかになる場所…素晴らしい所なので、ぜひ立ち寄るべきである。駅からも徒歩圏内のため良かった。何度訪れてもいい場所である
西本願寺,朝のお勤め,5.0,京都へ行く時は、必ず西本願寺の朝のお勤めに参加しています。
西本願寺,やっと行きました,4.0,駅から近いのに今まで行ったことがなかった。思っていたよりも広くて大きくてびっくりした。混んでいなかったのでゆっくり見れました。
西本願寺,案内付き、最高,5.0,京都冬の旅で予約して案内付きでまわりました。やはり案内があると違います。午前中しか空いていなかっのでかなり早い自宅出発になりましたが、その価値アリ。ありがたかったです。京都の魅力は歴史が作ってるし、現代の修復する技術は凄すぎる。
西本願寺,西か東か,4.0,東本願寺から、回りました。
西本願寺,イチョウが見頃でした！,5.0,北境内地駐車場（無料）に車を停めて拝観しました。入場も無料です。二つの本堂（御影堂と阿弥陀堂）はすばらしく渡り廊下でつながっています。良いお参りができました。逆さイチョウが見頃でした。（添付写真）
西本願寺,唐門が見ごたえ有りました、,4.0,本堂と御影堂が見学出来ます、浄土真宗の本山だけありとても立派です、建物外、建物内も圧倒されます。
西本願寺,ひぐらし文は絶対に見る価値ありです！,5.0,10回以上京都に通っていますが、いつも京都駅から西本願寺と東本願寺を眺めるだけで、今回初めて西本願寺に行ってきました。とても広い境内を見学した後、ひぐらし門を見て感動しました。皆さんも京都駅から少し頑張れば歩いて行けるのでぜひご覧になってみてください。
西本願寺,浄土真宗,5.0,同宗派の者としては、一度は来てみたかった場所、素晴らしいしあまりの大きさで見学に大変時間がかかりましたが、宗派に関係なく一度は見ておくのもいいかも。
西本願寺,夕方のおつとめに,5.0,夕方4時からのおつとめに参加させていただきました、厳粛な感じです、たくさんの方が来られていました。5
西本願寺,美しすぎる西本願寺,5.0,日本中から沢山の方が来られていて、国宝の建物も見ることができ、京都へ来たなって思いで、端から端まで見ました。とても貴重な時間を過ごしたと感動しております。
西本願寺,素晴らしい歴史感,5.0,西本願寺も今回の旅行の計画にありました。ココは訪れる価値あります。
西本願寺,親鸞聖人法要,5.0,お寺の前に立った時　とても綺麗で盛大な感じでした。また、なかの方に丁寧に受付やお寺のおはなししていただきました。仏様を拝み心落ちつきました。
西本願寺,えりぴさんのクチコミ,1.0,父の命日供養に行きました。コロナ5類になり様々な法要で観光客を今まさに集客し、この数年の落ち込んだ収入を補填したいのが見え見えです。ここで永代供養ている私達の事は全く眼中に無いようです。コロナで観光客が激減した経験が見事に裏目に出た典型でした。後日、別のお寺で法要しなおす予定です。
西本願寺,やはり、中に入りたい！！,5.0,着いたのときは5時半くらいで、もう閉まってました‥
西本願寺,参拝してきました,5.0,朝イチのお勤め大変すがすがしい又修学旅行生も参加いつ来ても清々しく流石御本山ですね私自身西本願寺で5年前帰敬式お受けし法名頂き西本願寺さんの門徒で年３回程大谷本廟に墓参りと御本山西本願寺に参拝してます元気な限り参拝続ける考えです南無阿弥陀南無阿弥陀
西本願寺,荘厳,3.0,ゆっくりできるようパイプ椅子もおいてある。お経を聞いているとなんとなくすっきり。出入りも自由なので気軽に立ち寄れる。
西本願寺,柱が大きくて驚きました,4.0,西本願寺　お西さん
渡月橋,今年は川の水が少なめ。,5.0,福田美術館のカフェの席からみる渡月橋は最高！
渡月橋,やっぱいいね,5.0,今回は　念願のトロッコ列車に乗ってから嵐山に戻って渡月橋を渡ってその周辺を散策してみたね。やっぱ落ち着くし何回来てもいいね。
渡月橋,風情が感じられて良かった,4.0,嵐山で有名な橋、一度行ってみたかったので行けて良かった。周辺にはお店もたくさんあり､食べ歩きなどにも最適。今度は春の桜か、秋の紅葉の時期に訪れてみたい。
渡月橋,いつ行ってもいいね,5.0,さすが京都を代表する観光地だけあって、いつ行っても人が多いね。四季それぞれに風情があるし、近くには様々な訪れたい名所があるので本当に素晴らしい場所だね。
渡月橋,絶景,5.0,遠くから見てもよし、渡りながら風情を感じてもよし、朝でも昼でも夜でもとにかく素敵な橋です。川も素敵です。とにかく絶景です。
渡月橋,インバウンドで賑わう渡月橋,4.0,GW期間の終わった5月中に訪れましたが、インバインドの喧騒で日中は修学旅行生も含めて行き違いも難しい人出でした。
渡月橋,渡月橋,4.0,天気も良くて、気持ち良く川の音を聴きながら渡月橋を渡る事が出来ました。
渡月橋,何時も混雑しています,5.0,歩道が狭いので道路にはみ出すときも有り立ち止まっての景色を鑑賞することが難しいですが写真撮影はできました。
渡月橋,桜が綺麗,5.0,4月で桜のシーズンは橋の両サイドに桜が咲いてとても綺麗でした。比較的低い位置に桜が咲いているのでアップでもバックに桜が入るので映えました。
渡月橋,紅葉の時　めっちゃ　きれかった,5.0,紅葉の時に　すごく　ひと多かったけど　山など　赤や黄色緑　すごく　きれかった　写真では　表現　できなかった
渡月橋,嵐山と言ったらここ,5.0,桂川に掛かる渡月橋は嵐山の代表的な風景でしょう。平日でしたがすれ違うのが困難なほどの人でした。
渡月橋,京都中の京都,5.0,やはり京都と言えば嵐山。嵐山と言えば渡月橋。
渡月橋,景色最高,4.0,外国人が多くて!
渡月橋,紅葉が美しい嵐山渡月橋,5.0,紅葉が美しい渡月橋｡　
渡月橋,渡月橋と背景に嵐山,5.0,紅葉シーズンの平日で早朝でしたので人はそれほどいませんでした。渡月橋と背景に紅葉した嵐山の良い写真が撮れました。周辺の寺院を観光して昼間に渡月橋へ戻ってきたら多くの人で賑わっていました。
渡月橋,行楽の秋,4.0,11月中頃で嵐山の紅葉は色付きはじめでした。朝9時前の渡月橋周辺は人もまばらで、のんびりとしていました。ただし9時半を過ぎると大型バスが続々と到着、外国人観光客が団体で訪れます。11時頃の嵐山エリアは、外国人客が全体の8割以上に思われました。マナー問題は感じないものの、観光シーズンは早目の到着をおすすめします。
渡月橋,渡月橋からみる紅葉,5.0,阪急　嵐山駅から　渡月橋　渡って　商店街に　歩いて　お買い物も　楽しかったです。
渡月橋,景観保護の工夫は素晴らしい,4.0,渡月橋は大型バスも走る鉄筋コンクリートの近代的な橋だが、側面から見た場合、伝統的景観を乱さない品のあるデザインとなっている。この工夫は高く評価したい
渡月橋,大混雑！！,5.0,JR嵯峨野線で京都駅から20分弱、嵯峨嵐山駅から行きました。
渡月橋,昼間の観光,4.0,20年ぶり位の来訪。変わらぬ風景でした。真夏だつたので歩くだけで体力がなくなり疲れましたが、川岸の木陰は風か通り気持ち良かったです。
ガラス工房nazuna薺,可愛いガラススプーンとマドラー,5.0,											可愛いガラススプーンとアドラーを作ることができて、とても良かったです。少々難しい作業がありましたが、ガラスアーティストの方が丁寧に教えてくださり、とても貴重な体験でした。ガラススプーンとマドラーが大変気に入ったので、今度は友達と一緒に、色違いのものを作りに行きたいと思っています。										
ガラス工房nazuna薺,お友達と吹きガラス体験,5.0,											ワイワイ楽しくさせて頂きました!
ガラス工房nazuna薺,吹きガラスの体験,5.0,											マンツーマンでのすてきなレッスンでした。
ガラス工房nazuna薺,初めてのガラス細工,5.0,											初めてガラス細工にチャレンジしました！
ガラス工房nazuna薺,素敵なオリジナルティースプーン作り,5.0,											色々なデザインの柄を自分で選び、ティースプーンを作りました。作り方を丁寧に教えていただき、とても素敵なティースプーンが出来上がって大満足です。久々に再開した友人と作りに行きましたが、とっても良い思い出になりました。										
ガラス工房nazuna薺,素敵な時間でした,5.0,											大学生カップルです。
ガラス工房nazuna薺,最高,5.0,											教えてくれるお姉さんが優しくて面白くて時間を忘れて作ることが出来ました。初めてのガラス細工体験でしたが、また作りたいと思える時間を過ごすことができました。場所が住宅街の中なので少し時間に余裕を持っていく方がいいかもしれません。										
ガラス工房nazuna薺,入った時から楽しかったです,5.0,											店主の方がとにかく楽しい方で終始ワイワイ作ることが出来て夏の素敵な思い出を作ることができました！ガラス作りも初めての体験でしたが丁寧に教えてくださりとても可愛い作品を作ることができました！また行きたいです！！！お店の雰囲気も可愛い空間でした！										
ガラス工房nazuna薺,楽しいがたくさん,5.0,											バスを乗り間違えて遅れてしまいましたが、快く体験をさせてくださいました。
ガラス工房nazuna薺,凄く楽しく旅の思い出に選んで良かったです！,5.0,											明るい方で親しみやすくて本当に楽しかったです！
ガラス工房nazuna薺,吹きガラスたのしい！,5.0,											丁寧に教えてくださって、終始ワイワイして楽しかったです！
ガラス工房nazuna薺,8歳以上で全工程1人で作れる。もの作り好きな子どもにもオススメ！,5.0,											8歳二人、5歳二人、大人二人で伺いました。
ガラス工房nazuna薺,はじめてのガラス工芸体験,5.0,											初体験で緊張してましたが、店主さんが気さくな方でお話もしながら丁寧に教えていただき楽しく作ることができました。
ガラス工房nazuna薺,初ガラス工芸体験！,5.0,											フレグランス小瓶を作りました！
ガラス工房nazuna薺,はじめてのガラス工芸体験,5.0,											初めてのガラス工房体験でしたが、優しく丁寧に教えてもらいながら作れたので楽しかったです！
ガラス工房nazuna薺,初めての体験でした！,5.0,											花瓶ととんぼ玉を作らせてもらいました！
ガラス工房nazuna薺,大満足です,5.0,											初めての風鈴作りで緊張しましたが、優しく丁寧に教えてもらってとても可愛い風鈴を作ることができました^ - ^										
ガラス工房nazuna薺,2人で風鈴づくり,5.0,											ずっとやってみたかった吹きガラス体験、とっても素敵でhappyなお姉さんが丁寧にアシストしながら完成まで楽しく過ごさせてくださいました。
ガラス工房nazuna薺,簡単に作れました,5.0,											マドラーと風鈴を作りました。終始親切に教えていただき、簡単にガラス作りを手軽に体験することができました。										
ガラス工房nazuna薺,香るガラス　フレグランス小びん作り,5.0,											友人と2人で参加し、ほぼ初めての体験でしたが楽しい時間でした！息を吹くポイントなど丁寧に教えてもらったり楽しい会話ができて良い経験でした！参加してよかったです。次はマドラー作りしてみたいです！										
itoaware-いとあはれ-京都店,ペアリング作り,5.0,											記念日のリング作りで利用させて頂きました。店員さんの親切な対応と説明のおかげで、楽しくペアリングを作ることが出来ました！										
itoaware-いとあはれ-京都店,おすすめの体験です！,5.0,											店員さんがとても気さくで楽しく作業できました！
itoaware-いとあはれ-京都店,誕生日プレゼントに,5.0,											今日は彼女の誕生日に指輪をプレゼントしました。
itoaware-いとあはれ-京都店,旅行の思い出作り,5.0,											京都旅行の思い出作りで来店しました。指輪作りを体験しましたが店員さんがとても親切でお店の雰囲気もとてもよかったです、今回ペアリングで作成しましたがとてもおすすめのお店でした。機会があればまた利用したいと思います。										
itoaware-いとあはれ-京都店,店員さんが優しい！,5.0,											初めて指輪作りを体験しました。やり方を丁寧に教えて下さったり気軽に話しかけてくれたりしたので、楽しく安心して作ることが出来ました。また京都に来たら行きたい場所になりました！ありがとうざいました！										
itoaware-いとあはれ-京都店,サイコーの記念日,5.0,											記念日でペアリングを作りにきました。
itoaware-いとあはれ-京都店,店員さんがとても親切で、素敵な体験ができた。,5.0,											リングの模様付けは初めてしたけれど、優しい店員さんが丁寧に教えてくれて安心して楽しくオリジナルの指輪を作れました！
itoaware-いとあはれ-京都店,楽しかった！,5.0,											初めての指輪作りで緊張してましたがスタッフの皆さんが優しくて明るくて楽しかったですー！
itoaware-いとあはれ-京都店,初めてのペアリング,5.0,											姉妹で初めてのペアリング作りで利用させていただきました！
itoaware-いとあはれ-京都店,とてもよかった,5.0,											丁寧に接客していただいて、2人でとても楽しく指輪を作ることができました。店内の雰囲気もとても良くて、もう一度行きたいと思いました。										
itoaware-いとあはれ-京都店,親切な接客で満足です！,5.0,											親切な店員さんにご対応頂きました！
itoaware-いとあはれ-京都店,京都旅行で初めての指輪作り体験,5.0,											模様の付け方のコツなどわかりやすく教えてもらえてとてもやりやすかったです！良い経験なりました。ありがとうございました！										
itoaware-いとあはれ-京都店,良い思い出になりました^_^,5.0,											初めてのペアリング作りだったので、とても緊張していましたが、スタッフのお姉さんが一から丁寧に説明してくださったおかげで素敵な指輪が出来ました！！
itoaware-いとあはれ-京都店,感想,5.0,											彼氏とペアリングを作りにきました。ワクワクと緊張で行ったのですが、店員さんが優しく面白く、和みながら楽しみながら、素敵な時間を過ごせました。素敵な指輪ができて嬉しかったです。										
itoaware-いとあはれ-京都店,良き記念日の体験になりました！,5.0,											初めて指輪作りを体験して、褒め上手なスタッフの方と楽しめました！！いい記念日の体験になりました！ありがとうございました。										
itoaware-いとあはれ-京都店,ペアリング作り,5.0,											担当してくださったお姉さんが話すくて、楽しく作ることが出来ました！店内の雰囲気も良くオシャレでした！また違う指のリングを作りに来たいです！										
itoaware-いとあはれ-京都店,とっても良い思い出でした！,5.0,											店員さんが楽しく話しかけて下さり、工夫の仕方も丁寧に教えてくださり、とても楽しかったです。また利用したいです！										
itoaware-いとあはれ-京都店,初めての体験をさせてもらいました！,5.0,											初めて指輪作りを京都いとあ腹さんでさせてもらいました！
itoaware-いとあはれ-京都店,個性が出やすい指輪が作れる,5.0,											自分で叩いて作れて、叩き方で少し雰囲気が変わる指輪が作れるので2人で行くと違いが楽しめてよかったです。流れてる曲がおしゃれでよかった。										
itoaware-いとあはれ-京都店,リラックスして楽しめました,5.0,											説明してくださったお姉さんが優しくて気軽に接してくださったので、終始リラックスして楽しめました。店内もドライフラワーなどで装飾されており、綺麗で写真映えも抜群です。										
アカネス 京都,ありがとうございました(*´ω｀*),5.0,											とてと楽しくトントン出来ました！
アカネス 京都,リング体験,5.0,											一年記念日で利用しました。
アカネス 京都,RINGをつくったよー！！,5.0,											自分でsilverリングを創る体験。汗水垂らして作った完成品はとても感動。
アカネス 京都,とても満足です,5.0,											とても楽しくリングを作ることができました！
アカネス 京都,気軽に本格的に楽しめました,5.0,											サイズ、太さ、細かいデザイン等を選び、自分の好きなものを作れました！
アカネス 京都,初体験,5.0,											初めて訪れた店だったので上手く作れるのか不安だったが、手順1つ1つ丁寧に教えてくださったのでとても綺麗な仕上がりになって大変満足だった。										
アカネス 京都,優しい店主さんでした！,5.0,											とても優しく作り方等を教えていただき、楽しく指輪作りを体験することが出来ました！ありがとうございました！										
アカネス 京都,ペアリング作り,5.0,											リングを作るのは難しかったですが、一緒に作るという時間も共有することができるので、よりリングに想いを込めることができました。										
アカネス 京都,憧れが叶いました,5.0,											昔からこういったモノ作りには憧れがあり、今回お店に足を運びました。とても丁寧に教えていただき、素敵な指輪を作らせていただきました。
アカネス 京都,ペアリング制作,5.0,											彼女と一緒にペアリングを作らせて頂きました。スタッフの方がとても優しく、丁寧な接客でとても楽しました。										
アカネス 京都,指輪制作,5.0,											初めてだったのですが、分かりやすく教えて頂けたおかげで、楽しく制作することが出来ました！とても素敵な体験でした。										
アカネス 京都,とてもわかりやすく楽しかった,5.0,											リング作り体験をしたのですが、スタッフさんの接客元でもよく明るくてとても楽しかったです。カップルが多かったイメージで、女子2人で少し気まずかったですが、とても楽しめました♪
アカネス 京都,最高の思い出にもなるリング作り,5.0,											2人で作成とても楽しかったです。素敵な思い出となりました。
アカネス 京都,接客がとてもよかったです。,5.0,											とても丁寧に接客いただきありがとうございました。楽しい時間が過ごせました。指輪を作る体験ができるのでおすすめです。										
アカネス 京都,ペアリング制作,5.0,											ペアリングを制作しに来ました。スタッフさんみなさん優しくて、楽しく制作できることができました。ありがとうございました。										
アカネス 京都,ペアリング制作,5.0,											彼女とペアリング制作できました。予約も簡単にでき、ペアリング制作も丁寧に教えてもらえて楽しく制作できました。とてもよかったです。										
アカネス 京都,思い出になりました。,5.0,											店員さんがとても優しく、丁寧に教えていただき楽しかったです。また機会があれば是非、利用しようと思います。										
アカネス 京都,楽しかったです！,5.0,											友達と一緒に行きました！自分が友達のリングを、友達がわたしのリングを作りました。
アカネス 京都,リング作り,4.0,											ペアリング作りを初めてしました。
アカネス 京都,初めての指輪作り,5.0,											店員さんの説明もとても丁寧でわかりやすく楽しんで指輪を作ることができました。また指輪を作る際はもう一度利用したいです。										
アカネス　清水,とても親切！,5.0,											革の色や刻印の仕方など、とっても分かりやすく丁寧に教えてくださいました。作業中の様子や作業終わりの写真も撮っていただけて大満足です。また機会があればよろしくお願いします！										
アカネス　清水,落ち着いた空間で楽しく制作出来ました！,5.0,											キーケース（友人はパスケースと名刺ケース）を作成しました！
アカネス　清水,思い出作りができる,5.0,											ペアリングを楽しく作ることが出来ました。リングとして形にも残って、とてもいい思い出になると思います。										
アカネス　清水,素敵な体験をさせていただきました！,5.0,											作り方の説明がとても丁寧で、迷うことなく楽しんで作ることができました！指輪の加工の種類や幅も豊富で満足です。店内は音楽が流れていて、とても落ち着いた雰囲気ですが居心地の良い空間ですので、パートナーとのんびりと指輪作りに取り組めました。										
アカネス　清水,大切な人との思い出に,5.0,											リング作り体験をしてきました！！自分で作るだけでなく、もし失敗してしまっても修正してもらえるのでとてもよい作品を作ることができます！										
アカネス　清水,初めての指輪作り体験,4.0,											店員さんが一から丁寧に教えて下さり、都度確認もして下さるので、とても安心して体験する事ができました。また機会があったら訪れたいお店です。										
アカネス　清水,初めてのリング作り,5.0,											今回は、姪っ子の誕生日祝いでみんなで京都旅行に。清水寺の参拝後に来ました。初めての体験でしたが、丁寧に説明頂き、可愛いリングができました。ありがとうございました。										
アカネス　清水,友達とリング作り,5.0,											作るのが難しそうで不安でしたが親切にゆっくり説明してくださってとても居心地よく楽しんで指輪を作ることが出来ました！										
アカネス　清水,ペアリング作り,5.0,											友達とペアリング作りをしました！
アカネス　清水,いい思い出になりました。,5.0,											友人4人とお揃いの物が欲しくて行きました。
アカネス　清水,京都旅行の思い出作り,5.0,											作り方をわかりやすく教えていただき、簡単で楽しく作ることができました。大満足のペアリングが完成しました。ありがとうございました。										
アカネス　清水,結婚記念品づくり,5.0,											今日が入籍日ということで、一生残るモノをなにか作りたいと考え探したところ、このお店を見つけました。
アカネス　清水,ペンケース,5.0,											丁寧な教え方で綺麗なペンケースを作れて大満足です。
アカネス　清水,ペアリング作り,5.0,											丁寧な対応で楽しくリング作り出来ました
アカネス　清水,すごく丁寧に教えていただきました！,5.0,											凄く丁寧に教えていただき満足でした！
アカネス　清水,彼女の来させていただきました。リングを選ぶところから楽しかったです。,5.0,											一年記念日で大阪店を利用させていただき、今月で2年を迎えたので、新しく作りにきました。
アカネス　清水,よかったです,5.0,											親切で丁寧に教えてくださるので不器用でも簡単に指輪が作れました。素敵な記念日のプレゼントになりました。ありがとうございました。										
アカネス　清水,レザークラフト体験　,5.0,											レザーブレスレット作り　\2600　　
アカネス　清水,おしゃれ,5.0,											めっちゃ楽しかったです。説明もしっかり丁寧でわかりやすくきれいに作れました。意外と難しくて職人のすごさを実感しました。										
アカネス　清水,凄く楽しく出来てよかったです！,5.0,											店員さんが凄い優しく教えてくれたり、わかりやすく説明してくれて楽しく出来ました!!
リバーアドベンチャークラブ〔京都保津川ラフティング〕,めっちゃ夏の思い出に最高！,5.0,											今回は、主人と2人で参加しました。海外の方と相乗りしました。ガイドさんにわざと落とされたりと、みんなで協力しないとボートに戻れない為、自然と団結力が生まれ仲良くなりました。また、来年も参加したいです。
リバーアドベンチャークラブ〔京都保津川ラフティング〕,初ラフティング,5.0,											初めてラフティングというものを経験しました。
リバーアドベンチャークラブ〔京都保津川ラフティング〕,初めてのラフティング,5.0,											初めてのラフティングで不安でしたが、丁寧なガイドさんのおかげもあって、楽しむことができました！ありがとうございます！										
リバーアドベンチャークラブ〔京都保津川ラフティング〕,大自然の中のラフティング,5.0,											初めてのラフティングでしたが、非常に楽しめました。天気にも恵まれ、水が冷たく気持ちよく、良い経験になりました！										
リバーアドベンチャークラブ〔京都保津川ラフティング〕,初めてのラフティング,5.0,											川遊びがしたくて検索したところ、ラフティングを見つけ他店舗と比べて内容がとても充実していたので参加させて頂きました。
リバーアドベンチャークラブ〔京都保津川ラフティング〕,娘と2人でラフティング,5.0,											所々迫力があって楽しかった！
リバーアドベンチャークラブ〔京都保津川ラフティング〕,満足しました。,4.0,											普段体験出来ない遊びが出来て楽しかったです。
リバーアドベンチャークラブ〔京都保津川ラフティング〕,ラフティング,5.0,											丁寧に教えていただき、わかりやすかったです。
リバーアドベンチャークラブ〔京都保津川ラフティング〕,夏に最適です^ ^,5.0,											ガイドさんのノリが良く盛り上げ上手で、とても楽しく体験できました！！！
リバーアドベンチャークラブ〔京都保津川ラフティング〕,ラフティング最高,5.0,											初めて体験しましたが、天気に恵まれ楽しかったです
リバーアドベンチャークラブ〔京都保津川ラフティング〕,サイコーでした！,5.0,											保津川で初めてのラフティングでしたがスタッフさんがとても楽しくていいラフティング時間でした！										
リバーアドベンチャークラブ〔京都保津川ラフティング〕,ラフティング,5.0,											大阪市内から1時間ほどでいけます。スタッフの皆さんもテンションを上げてくれ、子どもはもちろん、大人も童心に返り楽しめます！										
リバーアドベンチャークラブ〔京都保津川ラフティング〕,初めてのラフティング,5.0,											初めてのラフティングでドキドキしていましたが、しっかり教えてもらって、サポートもたくさんしてもらって、すごく楽しめました！！										
リバーアドベンチャークラブ〔京都保津川ラフティング〕,夏なのに涼しい,5.0,											初めてのラフティングでした！
リバーアドベンチャークラブ〔京都保津川ラフティング〕,楽しかったです,5.0,											初めてのラフティングでした。
リバーアドベンチャークラブ〔京都保津川ラフティング〕,楽しかったです！,5.0,											飛びこんだり、流されたり、ひっくり返ったり、めっちゃ気持ちよかったです！また来たいと思いました！！！										
リバーアドベンチャークラブ〔京都保津川ラフティング〕,初の保津川ラフティング！,5.0,											素敵なスタッフさんと楽しい仲間で初めての保津川ラフティングに挑戦しました！
リバーアドベンチャークラブ〔京都保津川ラフティング〕,保津川らふてぃんぐ！,5.0,											保津川ラフティングを同期で楽しみました！
リバーアドベンチャークラブ〔京都保津川ラフティング〕,すごくよかった！,5.0,											ガイドさんのお話もおもしろく、ノリもよく楽しかったです！素晴らしい景色と、スリル満点な川下り、ラフティング最高です！										
リバーアドベンチャークラブ〔京都保津川ラフティング〕,保津川ラフティング,5.0,											初ラフティングで水位も上がっていたこともあり最初はかなり怖かったです。
